Workbook

Sheet Dashboard
B2: Phone prospecting — construction projects (Infopro "DRINGEND" cards)
B3: 91 PDF files · 108 projects · 204 contacts. The figures below update automatically from the Calls sheet.
B5: Overview | F5: Contacts by status
B6: Projects | C6: =COUNTA(Projects!$A$2:$A$109) -> 108 | F6: Status | G6: Contacts
B7: Contacts to call | C7: =COUNTA(Calls!$E$2:$E$9999) -> 204 | F7: To call | G7: =COUNTIF(Calls!$O$2:$O$9999,F7) -> 194
B8: Contacts without a phone number | C8: =COUNTIF(Calls!$G$2:$G$9999,"To be found") -> 22 | F8: Call back | G8: =COUNTIF(Calls!$O$2:$O$9999,F8) -> 7
B9: Total works value | C9: =SUM(Projects!$K$2:$K$109) -> 78470000 | D9: duplicates included | F9: Follow-up by email | G9: =COUNTIF(Calls!$O$2:$O$9999,F9) -> 1
F10: Interested | G10: =COUNTIF(Calls!$O$2:$O$9999,F10) -> 0
B11: Call progress | F11: Meeting booked | G11: =COUNTIF(Calls!$O$2:$O$9999,F11) -> 0
B12: Contacts called (≥ 1 attempt) | C12: =COUNTIF(Calls!$P$2:$P$9999,">0") -> 10 | F12: Quote requested | G12: =COUNTIF(Calls!$O$2:$O$9999,F12) -> 0
B13: Coverage rate | C13: =IFERROR(C12/C7,0) -> 0.049019608 | F13: Not interested | G13: =COUNTIF(Calls!$O$2:$O$9999,F13) -> 0
B14: Total attempts | C14: =SUM(Calls!$P$2:$P$9999) -> 10 | F14: Already has a supplier | G14: =COUNTIF(Calls!$O$2:$O$9999,F14) -> 0
B15: Contacts reached | C15: =COUNTIF(Calls!$N$2:$N$9999,"Reached*") -> 5 | F15: Not a fit | G15: =COUNTIF(Calls!$O$2:$O$9999,F15) -> 0
B16: Reach rate | C16: =IFERROR(C15/C12,0) -> 0.5 | D16: reached / called | F16: Project completed / cancelled | G16: =COUNTIF(Calls!$O$2:$O$9999,F16) -> 0
B17: Interested + meetings + quotes | C17: =COUNTIF(Calls!$O$2:$O$9999,"Interested")+COUNTIF(Calls!$O$2:$O$9999,"Meeting booked")+COUNTIF(Calls!$O$2:$O$9999,"Quote requested") -> 0 | F17: Closed – no current need | G17: =COUNTIF(Calls!$O$2:$O$9999,F17) -> 2
B18: Conversion rate | C18: =IFERROR(C17/C15,0) -> 0 | D18: qualified / reached | F18: Total | G18: =SUM(G7:G17) -> 204
B19: Overdue follow-ups | C19: =SUMPRODUCT((Calls!$S$2:$S$9999<>"")*(Calls!$S$2:$S$9999<=TODAY())*((Calls!$O$2:$O$9999="Call back")+(Calls!$O$2:$O$9999="Follow-up by email")+(Calls!$O$2:$O$9999="Interested")+(Calls!$O$2:$O$9999="Quote requested")+(Calls!$O$2:$O$9999="To call"))) -> 0
F20: Contacts by priority
F21: Priority | G21: Contacts | H21: Still to call
F22: A | G22: =COUNTIF(Calls!$C$2:$C$9999,F22) -> 50 | H22: =COUNTIFS(Calls!$C$2:$C$9999,F22,Calls!$O$2:$O$9999,"To call") -> 46
F23: B | G23: =COUNTIF(Calls!$C$2:$C$9999,F23) -> 52 | H23: =COUNTIFS(Calls!$C$2:$C$9999,F23,Calls!$O$2:$O$9999,"To call") -> 50
F24: C | G24: =COUNTIF(Calls!$C$2:$C$9999,F24) -> 102 | H24: =COUNTIFS(Calls!$C$2:$C$9999,F24,Calls!$O$2:$O$9999,"To call") -> 98
F26: Projects by stage
F27: Stage | G27: Projects
F28: Permit application filed | G28: =COUNTIF(Projects!$H$2:$H$109,F28) -> 35
F29: Permit granted | G29: =COUNTIF(Projects!$H$2:$H$109,F29) -> 73
B32: Reminders
B33: 1. On the Calls sheet, filter Status = "To call" and sort by Priority.
B34: 2. Fill in the yellow columns straight after each call (result, status, date, follow-up).
B35: 3. Never leave a row open without a follow-up date: overdue follow-ups turn red.
B36: 4. "Linked projects" > 1: the same person handles several projects, so cover them in one call.
B37: 5. Open the PDF named in column A for the full project card.

Sheet How to use
B2: How to use this prospecting file
B4: Sheets
B5: Dashboard | C5: Automatically calculated indicators (progress, reach rate, conversion, overdue follow-ups).
B6: Calls | C6: The call list: one row per contact and per project. This is where you work.
B7: Projects | C7: One row per project (= one PDF page), with all the data extracted from the card.
B8: Lists | C8: Drop-down values and priority thresholds (editable).
B10: Colour code
B11: Dark teal header | C11: Data extracted from the PDFs (do not edit, except to correct).
B12: Orange header + yellow cells | C12: Columns to fill in while calling.
B13: Grey header | C13: Extra details: grouped columns, click the "−" above them to hide them.
B14: Green row | C14: Prospect interested, meeting booked or quote requested.
B15: Greyed-out row | C15: Closed (not interested, not a fit, already has a supplier, project completed).
B16: Red follow-up date | C16: Overdue follow-up on a row that is still open: deal with it first.
B17: "To be found" (orange) | C17: No number on the card: look it up on local.ch / search.ch / the company website.
B19: Columns to fill in
B20: Last call result | C20: What happened: reached (right person or gatekeeper), voicemail, no answer, busy, wrong number.
B21: Status | C21: Where the prospect stands: to call → call back → interested → meeting / quote; or closed.
B22: Attempts | C22: Add one per call (good practice: 5 to 6 attempts at most before closing).
B23: Last call date | C23: Date of the last call (Ctrl + ; inserts today's date).
B24: Next action / Follow-up date | C24: Always an action and a date, unless the row is closed.
B25: Notes | C25: Name and role of the person reached, stated need, objection, best time to call back.
B27: Example of a filled-in row
B28: Last call result | C28: Reached – gatekeeper / switchboard
B29: Status | C29: Call back
B30: Attempts | C30: 2
B31: Last call date | C31: 14/10/2026
B32: Next action | C32: Call back
B33: Follow-up date | C33: 16/10/2026
B34: Notes | C34: Switchboard: Mr Franco (facilities manager) on a site visit, call back Thursday after 2pm. 3rd-floor project confirmed.
B36: Glossary (cards are in German)
B37: Owner / client (Bauherr) | C37: The end client: the owner or tenant commissioning the works.
B38: Architect / planner | C38: The firm that designs the project and often specifies the suppliers.
B39: Permit application filed | C39: Baugesuch eingereicht: project awaiting approval, works still to come (earliest point to get in).
B40: Permit granted | C40: Baubewilligung erteilt: approval obtained, works starting soon (urgent).
B41: Infopro project ref. | C41: Objektnummer: unique project ID at Infopro Digital (Baublatt).
B43: Notes on the data
B44: Source | C44: Automatic extraction of the 91 PDFs in the "harworth" folder (Infopro Digital Schweiz cards).
B45: Original language | C45: Company names, addresses, project titles and descriptions are kept as they appear in the PDFs (mostly French).
B46: Multi-page files | C46: Some PDFs contain several projects: the "Page" column gives the project's page.
B47: Duplicates | C47: 3 projects appear in two different files ("Duplicate" column): call them only once.
B48: Summary table | C48: 5 contacts come from the short table at the bottom of the card (name, town and phone only).
B49: Works values | C49: Works value as stated by Infopro (an estimate, converted from "Mio CHF").

Sheet Calls
A1: PDF file | B1: Page | C1: Priority | D1: Role | E1: Company | F1: Contact person | G1: Phone | H1: Email | I1: Project | J1: Site location | K1: Stage | L1: Works value (CHF) | M1: Linked projects (same contact) | N1: Last call result | O1: Status | P1: Attempts | Q1: Last call date | R1: Next action | S1: Follow-up date | T1: Notes / person reached | U1: Infopro project ref. | V1: Stage date | W1: Contact address | X1: Website | Y1: Site address | Z1: Category | AA1: Project description | AB1: Contact source | AC1: Duplicate
A2: DRINGEND 4.pdf | B2: 1 | C2: =IF(L2="","C",IF(L2>=Lists!$I$2,"A",IF(L2>=Lists!$I$3,"B","C"))) -> C | D2: Owner / client | E2: YNEO SA | F2: Nicky Suter | G2: 022 307 99 00 | H2: info@yneo.ch | I2: Aménagement d'un espace de coworking | J2: 1213 Petit-Lancy | K2: Permit granted | L2: 50000 | M2: =IF(G2="To be found",COUNTIF($E$2:$E$9999,E2),COUNTIF($G$2:$G$9999,G2)) -> 1 | N2: Reached – gatekeeper / switchboard | O2: Call back | P2: 1 | Q2: 46297 | R2: Call back | S2: 46300 | T2: Reception reached on 02/10/2026. Receptionist explained that Nicky Suter does not work on Fridays. Call back Monday afternoon and ask directly for Nicky Suter, Fit-out & Communications Manager. Secondary relevant contact: Melvin Bertagna, Site & Supplier Relations Manager. Chancy 59 appears to be already operational. The objective of the next call is therefore to qualify both this project and YNEO as a potential recurring Haworth account: current furniture supplier(s), whether suppliers are exclusive or selected project by project, upcoming fit-outs, new locations and refurbishment projects. YNEO operates several office locations in Geneva and ergonomic furniture is part of its client offering. Avoid referring to YNEO as a "coworking" operator during the call. Refer instead to their office locations / workspaces. | U2: 3417573 | V2: 46029 | W2: Route de Florissant 2, 1206 Genève | X2: http://www.yneo.ch | Y2: Route de Chancy 59, 1213 Petit-Lancy | Z2: Commerce and administration | AA2: Aménagement d'un espace de coworking au 3ème étage. | AB2: Detail card
A3: DRINGEND 4.pdf | B3: 1 | C3: =IF(L3="","C",IF(L3>=Lists!$I$2,"A",IF(L3>=Lists!$I$3,"B","C"))) -> C | D3: Architect / planner | E3: Marques | G3: To be found | I3: Aménagement d'un espace de coworking | J3: 1213 Petit-Lancy | K3: Permit granted | L3: 50000 | M3: =IF(G3="To be found",COUNTIF($E$2:$E$9999,E3),COUNTIF($G$2:$G$9999,G3)) -> 3 | O3: To call | P3: 0 | R3: Qualify through owner | S3: 46300 | T3: Do not call yet. "Marques" could not be reliably identified as the architect/planner for project reference 3417573 / Chancy 59 from the available information. Qualify this contact during the callback to Nicky Suter at YNEO on 05/10/2026. Ask whether fit-out, furniture specification and design are handled internally by YNEO or with an external architect/planner. If external, obtain: - exact company name - contact person - role - phone/email if available Same project as the YNEO SA Owner / client row. | U3: 3417573 | V3: 46029 | W3: 1205 Genève | Y3: Route de Chancy 59, 1213 Petit-Lancy | Z3: Commerce and administration | AA3: Aménagement d'un espace de coworking au 3ème étage. | AB3: Detail card
A4: DRINGEND 5.pdf | B4: 1 | C4: =IF(L4="","C",IF(L4>=Lists!$I$2,"A",IF(L4>=Lists!$I$3,"B","C"))) -> C | D4: Owner / client | E4: Yara Clean Ammonia Switzerland SA | F4: Ms Marie Demaison | G4: To be found | I4: Aménagement de bureau | J4: 1206 Genève | K4: Permit granted | L4: 40000 | M4: =IF(G4="To be found",COUNTIF($E$2:$E$9999,E4),COUNTIF($G$2:$G$9999,G4)) -> 1 | N4: Reached – project completed / no opportunity | O4: Closed – no current need | P4: 1 | Q4: 46297 | R4: None | T4: Project is completed. The works were related to an office relocation. Yara did not purchase new furniture as part of the move. The contact confirmed that there are currently no other office fit-out, refurbishment or furniture projects planned and therefore no current need for Haworth. No follow-up required unless a new project is identified in the future. | U4: 3416972 | V4: 46014 | W4: Route de Florissant 13, 1206 Genève | Y4: Route de Florissant 13, 1206 Genève | Z4: Commerce and administration | AA4: Aménagement de bureau au 7ème étage. | AB4: Detail card
A5: DRINGEND 5.pdf | B5: 1 | C5: =IF(L5="","C",IF(L5>=Lists!$I$2,"A",IF(L5>=Lists!$I$3,"B","C"))) -> C | D5: Architect / planner | E5: TJCA SA | F5: Ms Sabrina Harri | G5: 022 869 88 44 | H5: admin@tjca.ch | I5: Aménagement de bureau | J5: 1206 Genève | K5: Permit granted | L5: 40000 | M5: =IF(G5="To be found",COUNTIF($E$2:$E$9999,E5),COUNTIF($G$2:$G$9999,G5)) -> 4 | N5: Not reachable | O5: Call back | P5: 1 | Q5: 46297 | R5: Call back | S5: 46300 | T5: Attempted to reach Sabrina Harri regarding project reference 3416972 and TJCA's office fit-out / furniture specification activities. Not reachable. Call back on Monday 05/10/2026. The Yara project itself is already completed, so the objective of the next call is not to reopen that project. The objective is to qualify TJCA as a potential recurring architect / furniture prescriber for other office projects and identify any current projects where furniture specification is still open. Direct line identified for Sabrina Harri: 022 869 88 27. Email identified: sabrina.harri@tjca.ch | U5: 3416972 | V5: 46014 | W5: Chemin de la Bessonnette 7, 1224 Chêne-Bougeries | X5: http://www.tjca.ch | Y5: Route de Florissant 13, 1206 Genève | Z5: Commerce and administration | AA5: Aménagement de bureau au 7ème étage. | AB5: Detail card
A6: DRINGEND 6.pdf | B6: 1 | C6: =IF(L6="","C",IF(L6>=Lists!$I$2,"A",IF(L6>=Lists!$I$3,"B","C"))) -> B | D6: Owner / client | E6: von Rundstedt & Partner Suisse SA, succursale de Genève | F6: Ms Anne Donou | G6: 058 332 26 00 | H6: geneve@rundstedt.ch | I6: Transformation et rénovation de bureaux | J6: 1202 Genève | K6: Permit granted | L6: 150000 | M6: =IF(G6="To be found",COUNTIF($E$2:$E$9999,E6),COUNTIF($G$2:$G$9999,G6)) -> 1 | N6: Reached – project completed / no current opportunity | O6: Closed – no current need | P6: 1 | Q6: 46297 | R6: None | T6: Contact confirmed that the company has already completed its move. There are currently no additional office relocation, refurbishment, fit-out or furniture projects planned. No current opportunity for Haworth. No follow-up required unless a new project is identified in the future. | U6: 3416925 | V6: 46013 | W6: Boulevard Georges-Favon 18, 1204 Genève | X6: http://www.rundstedt.ch | Y6: Rue de Lausanne 80, 1202 Genève | Z6: Commerce and administration | AA6: Transformation et rénovation de bureaux au 6ème étage. | AB6: Detail card
A7: DRINGEND 6.pdf | B7: 1 | C7: =IF(L7="","C",IF(L7>=Lists!$I$2,"A",IF(L7>=Lists!$I$3,"B","C"))) -> B | D7: Architect / planner | E7: RIS + Partenaires Architectes SA | F7: Mr Antoine Ris | G7: 022 707 00 70 | H7: projets@ris-partenaires.ch | I7: Transformation et rénovation de bureaux | J7: 1202 Genève | K7: Permit granted | L7: 150000 | M7: =IF(G7="To be found",COUNTIF($E$2:$E$9999,E7),COUNTIF($G$2:$G$9999,G7)) -> 1 | N7: Reached – contact unavailable | O7: Call back | P7: 1 | Q7: 46297 | R7: Call back and ask for Mr Antoine Ris | S7: 46300 | T7: Reached RIS + Partenaires Architectes SA. Mr Antoine Ris was not available. Call back next week and ask directly for Mr Ris. The original Alixio / von Rundstedt project reference 3416925 is already completed. The objective of the next call is therefore to qualify RIS + Partenaires as a potential recurring architect / furniture prescriber for future office fit-out projects. Key points to qualify on the next call: - whether RIS directly specifies office furniture - whether Haworth is already known or used - current or upcoming office projects where furniture specification is still open - usual furniture brands / suppliers - possibility of a physical meeting with Manojlo Jelic | U7: 3416925 | V7: 46013 | W7: Avenue Rosemont 10, 1208 Genève | X7: http://www.ris-partenaires.ch | Y7: Rue de Lausanne 80, 1202 Genève | Z7: Commerce and administration | AA7: Transformation et rénovation de bureaux au 6ème étage. | AB7: Detail card
A8: DRINGEND 7.pdf | B8: 1 | C8: =IF(L8="","C",IF(L8>=Lists!$I$2,"A",IF(L8>=Lists!$I$3,"B","C"))) -> A | D8: Owner / client | E8: Ville de Morges | G8: 021 804 96 40 | H8: greffe@morges.ch | I8: Transformation d'une école de voile | J8: 1110 Morges | K8: Permit application filed | L8: 350000 | M8: =IF(G8="To be found",COUNTIF($E$2:$E$9999,E8),COUNTIF($G$2:$G$9999,G8)) -> 1 | N8: Voicemail / no answer | O8: Call back | P8: 1 | Q8: 46297 | R8: Call back | S8: 46300 | T8: Attempted to reach the relevant contact regarding project reference 3412698. Call went to voicemail / no answer. Retry next week. Project appears to still be potentially active and relevant for Haworth. The key objective on the next call is to determine: - current project stage - whether the furniture package is still open - who is responsible for furniture specification and purchasing - whether Club Nautique Morgien, Ville de Morges or Fehlmann Architectes is leading the furniture decision - whether a separate tender / procurement procedure is planned - timing for furniture selection - possibility of an on-site meeting with Manojlo Jelic Do not mark the opportunity as closed. | U8: 3412698 | V8: 45989 | W8: Place de l'Hôtel-de-Ville 1, code postale 272, 1110 Morges 1 | Y8: Place de la Navigation 1, 1110 Morges | Z8: Commerce and administration | AA8: Transformation du bâtiment ECA no 2670b avec création d'un bureau (école de voile) et d'un espace privé de réunion de 50 places avec possibilité de restauration pour les membres. Création d'une terrasse extérieure de 40 places. Isolation périphérique et revêtement de 27 cm, ouvertures en façade. Façade en lame de bois ajour ..> | AB8: Detail card
A9: DRINGEND 7.pdf | B9: 1 | C9: =IF(L9="","C",IF(L9>=Lists!$I$2,"A",IF(L9>=Lists!$I$3,"B","C"))) -> A | D9: Architect / planner | E9: Fehlmann Architectes SA | F9: Mr Serge Fehlmann | G9: 021 811 10 10 | H9: info@farch.ch | I9: Transformation d'une école de voile | J9: 1110 Morges | K9: Permit application filed | L9: 350000 | M9: =IF(G9="To be found",COUNTIF($E$2:$E$9999,E9),COUNTIF($G$2:$G$9999,G9)) -> 1 | N9: Reached reception – email requested | O9: Follow-up by email | P9: 1 | Q9: 46297 | R9: Send targeted email to info@farch.ch for the attention of Mr Serge Fehlmann | S9: 46301 | T9: Reached Fehlmann Architectes SA by phone on 02/10/2026. Reception explained that Mr Serge Fehlmann is unlikely to have time to handle this type of request by phone and specifically requested that the enquiry be sent by email to info@farch.ch. The email address and domain have been verified against Fehlmann Architectes SA's current official website: info@farch.ch Domain: farch.ch Do not send on Friday. Schedule the first email for Tuesday 06/10/2026 at approximately 09:00 Switzerland time. Project reference 3412698 still appears potentially relevant. Fehlmann Architectes SA is the architect / planner associated with the Club Nautique Morgien project at Place de la Navigation 1. Objective of the email: - establish contact with Mr Serge Fehlmann / the architect currently responsible for the project - determine the current stage of the project - determine whether the furniture package is still open - identify who specifies and selects the furniture - understand whether a procurement / tender procedure is planned - obtain a physical meeting with Haworth regional representative Manojlo Jelic if the furniture specification is still open Important: Do not treat the opportunity as closed. Do not send a generic Haworth catalogue email. The email should be short, project-specific and focused on the active Club Nautique Morgien project. | U9: 3412698 | V9: 45989 | W9: Place du Casino 2, Case postale 460, 1110 Morges 1 | X9: http://www.farch.ch | Y9: Place de la Navigation 1, 1110 Morges | Z9: Commerce and administration | AA9: Transformation du bâtiment ECA no 2670b avec création d'un bureau (école de voile) et d'un espace privé de réunion de 50 places avec possibilité de restauration pour les membres. Création d'une terrasse extérieure de 40 places. Isolation périphérique et revêtement de 27 cm, ouvertures en façade. Façade en lame de bois ajour ..> | AB9: Detail card
A10: DRINGEND 13.pdf | B10: 1 | C10: =IF(L10="","C",IF(L10>=Lists!$I$2,"A",IF(L10>=Lists!$I$3,"B","C"))) -> A | D10: Owner / client | E10: Societe Immobiliere de la Place de la Gare A SA | G10: To be found | I10: Aménagement d'un local d'exploitation - MBC | J10: 1110 Morges | K10: Permit application filed | L10: 300000 | M10: =IF(G10="To be found",COUNTIF($E$2:$E$9999,E10),COUNTIF($G$2:$G$9999,G10)) -> 1 | N10: IVR reached - unable to select menu option | O10: Call back | P10: 1 | Q10: 46297 | R10: Retry MBC / resolve Aircall DTMF issue | S10: 46300 | T10: Called MBC at 021 811 43 43 regarding project reference 3403243. Reached the automated telephone menu, but the Aircall keypad / DTMF input did not register, so it was not possible to reach the appropriate department. The project remains potentially active. A parallel contact attempt is being made through the project architect, Doutaz Architecture SA, under the separate Architect / planner row for project reference 3403243. | U10: 3403243 | V10: 45940 | W10: Grand-Rue 102, 1110 Morges | Y10: Rue Centrale 29, 1110 Morges | Z10: Industry and trade | AA10: Aménagement d'un local d'exploitation : création d'un vestiaire pour hommes, d'un vestiaire pour femmes, d'une salle d'allaitement/conférence, d'une salle de repos, de douches et de WC, d'une salle de pause/cafétéria, d'un dégagement et d'un local fumeur. | AB10: Detail card
A11: DRINGEND 13.pdf | B11: 1 | C11: =IF(L11="","C",IF(L11>=Lists!$I$2,"A",IF(L11>=Lists!$I$3,"B","C"))) -> A | D11: Architect / planner | E11: Doutaz Architecture SA | F11: Ms Anne Longchamp | G11: 026 564 20 20 | H11: info@doutaz-architecture.ch | I11: Aménagement d'un local d'exploitation - MBC | J11: 1110 Morges | K11: Permit application filed | L11: 300000 | M11: =IF(G11="To be found",COUNTIF($E$2:$E$9999,E11),COUNTIF($G$2:$G$9999,G11)) -> 1 | N11: Voicemail - office closed / unavailable on Fridays | O11: Call back | P11: 1 | Q11: 46297 | R11: Call back and ask for Anne Longchamp | S11: 46300 | T11: Called Doutaz Architecture SA on 02/10/2026 regarding project reference 3403243 / MBC premises at Rue Centrale 29, Morges. Reached the office answering machine. The message indicated that the office does not answer calls on Fridays. Call back on Monday 05/10/2026 and ask for Anne Longchamp. Anne Longchamp has been identified as the architect associated with the MBC project. Objective of next call: - confirm current project stage - determine whether the furniture package is still open - establish whether Doutaz Architecture is responsible for furniture specification - determine whether MBC or the architect selects the furniture suppliers - identify any procurement / tender process - determine expected timing for furniture selection - assess opportunity for a physical meeting with Manojlo Jelic Project remains potentially active. Do not close the opportunity. | U11: 3403243 | V11: 45940 | W11: Route de Riaz 97, 1630 Bulle | X11: http://www.doutaz-sa.ch | Y11: Rue Centrale 29, 1110 Morges | Z11: Industry and trade | AA11: Aménagement d'un local d'exploitation : création d'un vestiaire pour hommes, d'un vestiaire pour femmes, d'une salle d'allaitement/conférence, d'une salle de repos, de douches et de WC, d'une salle de pause/cafétéria, d'un dégagement et d'un local fumeur. | AB11: Detail card
A12: DRINGEND 15.pdf | B12: 1 | C12: =IF(L12="","C",IF(L12>=Lists!$I$2,"A",IF(L12>=Lists!$I$3,"B","C"))) -> C | D12: Owner / client | E12: HIAG Immobilier Schweiz AG | F12: Mr Patrick Japhet | G12: 022 304 10 30 | H12: info@hiag.com | I12: Changement d'affectation | J12: 1400 Yverdon-les-Bains | K12: Permit application filed | L12: 50000 | M12: =IF(G12="To be found",COUNTIF($E$2:$E$9999,E12),COUNTIF($G$2:$G$9999,G12)) -> 1 | N12: No answer | O12: Call back | P12: 1 | Q12: 46297 | R12: Call back and ask for Mr Patrick Japhet | S12: 46300 | T12: Attempted to reach Patrick Japhet regarding project reference 3404345 and the fit-out of a classroom at HIAG's Village 48 site in Yverdon-les-Bains. No answer. Call back on Monday 05/10/2026. The specific classroom project may already be completed or advanced, but HIAG remains a potentially valuable account as a major real estate owner / developer in French-speaking Switzerland. Objective of the next call: - confirm whether project 3404345 is completed - understand whether HIAG is involved in furniture selection for tenant fit-outs - determine whether furniture decisions are handled by HIAG, tenants or architects - identify the relevant person for interior fit-out / furniture in Western Switzerland - identify any current or upcoming projects where furniture specification is still open - assess potential for a physical meeting with Manojlo Jelic | U12: 3404345 | V12: 45947 | W12: Rue François-Bonivard 10, 1201 Genève | X12: http://www.hiag.com | Y12: Avenue de Grandson 48, 1400 Yverdon-les-Bains | Z12: Education and research | AA12: Changement d'affectation. Aménagement d'une salle de classe dans les locaux existants. | AB12: Detail card
A13: DRINGEND 15.pdf | B13: 1 | C13: =IF(L13="","C",IF(L13>=Lists!$I$2,"A",IF(L13>=Lists!$I$3,"B","C"))) -> C | D13: Architect / planner | E13: Studio 116 Architecture Architecte | F13: Mr Gaétan Mivelaz | G13: 077 403 52 58 | H13: archi@studio116.ch | I13: Changement d'affectation | J13: 1400 Yverdon-les-Bains | K13: Permit application filed | L13: 50000 | M13: =IF(G13="To be found",COUNTIF($E$2:$E$9999,E13),COUNTIF($G$2:$G$9999,G13)) -> 1 | O13: To call | P13: 0 | U13: 3404345 | V13: 45947 | W13: Chemin de la Fontaine 116, 1040 Echallens | Y13: Avenue de Grandson 48, 1400 Yverdon-les-Bains | Z13: Education and research | AA13: Changement d'affectation. Aménagement d'une salle de classe dans les locaux existants. | AB13: Detail card
A14: DRINGEND 19.pdf | B14: 1 | C14: =IF(L14="","C",IF(L14>=Lists!$I$2,"A",IF(L14>=Lists!$I$3,"B","C"))) -> A | D14: Owner / client | E14: Commune de Lausanne | G14: 021 315 49 49 | I14: Transformations intérieures de l'ancien Office | J14: 1003 Lausanne | K14: Permit application filed | L14: 900000 | M14: =IF(G14="To be found",COUNTIF($E$2:$E$9999,E14),COUNTIF($G$2:$G$9999,G14)) -> 1 | O14: To call | P14: 0 | U14: 3415421 | V14: 46003 | W14: Service des gérances, Place de Chaudron 9, 1003 Lausanne | Y14: Place de la Navigation 6, 1003 Lausanne | Z14: Commerce and administration | AA14: Transformations des locaux de l'ancien Office du tourisme au rez-de-chaussée pour la création d'un office bancaire avec installation d'un bancomat. Création de quatre guichets dont un fermé, une zone client, un sas de sécurité, un local de comptage, une cuisinette et un WC. | AB14: Detail card
A15: DRINGEND 19.pdf | B15: 1 | C15: =IF(L15="","C",IF(L15>=Lists!$I$2,"A",IF(L15>=Lists!$I$3,"B","C"))) -> A | D15: Architect / planner | E15: B2 Architecture + Protection Incendie Sàrl | F15: Ms Sophie Blanc-Hutmacher | G15: 079 774 39 47 | H15: info@bcarre.ch | I15: Transformations intérieures de l'ancien Office | J15: 1003 Lausanne | K15: Permit application filed | L15: 900000 | M15: =IF(G15="To be found",COUNTIF($E$2:$E$9999,E15),COUNTIF($G$2:$G$9999,G15)) -> 1 | O15: To call | P15: 0 | U15: 3415421 | V15: 46003 | W15: Rue des Salines 6, 1852 Roche VD | X15: http://www.bcarre.ch | Y15: Place de la Navigation 6, 1003 Lausanne | Z15: Commerce and administration | AA15: Transformations des locaux de l'ancien Office du tourisme au rez-de-chaussée pour la création d'un office bancaire avec installation d'un bancomat. Création de quatre guichets dont un fermé, une zone client, un sas de sécurité, un local de comptage, une cuisinette et un WC. | AB15: Detail card
A16: DRINGEND 20.pdf | B16: 1 | C16: =IF(L16="","C",IF(L16>=Lists!$I$2,"A",IF(L16>=Lists!$I$3,"B","C"))) -> A | D16: Architect / planner | E16: INEA Ingénierie Civile et Architecture | F16: Mr Steve Porscha | G16: 079 410 14 53 | I16: Surélévation, agrandissement et rénovation | J16: 1180 Rolle | K16: Permit application filed | L16: 790000 | M16: =IF(G16="To be found",COUNTIF($E$2:$E$9999,E16),COUNTIF($G$2:$G$9999,G16)) -> 1 | O16: To call | P16: 0 | U16: 3399157 | V16: 45919 | W16: Chemin de la Marjolatte 53, 1052 Le Mont-sur-Lausanne | Y16: Route de Lausanne 4, 1180 Rolle | Z16: Industry and trade | AA16: Surélévation, agrandissement et rénovation de 2 bâtiments industriels - création de surfaces de bureaux et d'espaces pour la recherche et développement d'équipements de sécurité. Agrandissement en structure métallique, façades en panneaux sandwich, toiture en panneaux sandwich, reconstruction et isolation des toiture basse. ..> | AB16: Detail card
A17: DRINGEND 24.pdf | B17: 1 | C17: =IF(L17="","C",IF(L17>=Lists!$I$2,"A",IF(L17>=Lists!$I$3,"B","C"))) -> A | D17: Owner / client | E17: Organisation météorologique mondiale - OMM | F17: Mr Anthony Duncker | G17: 022 730 81 11 | H17: wmo@wmo.int | I17: Transformations intérieures, raccordement bâtiment | J17: 1202 Genève | K17: Permit granted | L17: 500000 | M17: =IF(G17="To be found",COUNTIF($E$2:$E$9999,E17),COUNTIF($G$2:$G$9999,G17)) -> 1 | O17: To call | P17: 0 | U17: 3237651 | V17: 45939 | W17: World Meteorological Organization - WMO, Avenue de la Paix 7bis, Case postale, 1211 Genève 1 | X17: http://www.wmo.int | Y17: Avenue de la Paix 7bis, 1202 Genève | Z17: Commerce and administration | AA17: Transformations intérieures, aménagements extérieurs, raccordement du bâtiment au Genilac. Nouvelle prolongation de l'autorisation jusqu'au 19.12.2026 | AB17: Detail card
A18: DRINGEND 24.pdf | B18: 1 | C18: =IF(L18="","C",IF(L18>=Lists!$I$2,"A",IF(L18>=Lists!$I$3,"B","C"))) -> A | D18: Architect / planner | E18: Groupe H Architecture et Ingénierie SA | F18: Mr Nikola Radovanovic | G18: 022 782 05 40 | H18: architectes-ch@groupe-h.com | I18: Transformations intérieures, raccordement bâtiment | J18: 1202 Genève | K18: Permit granted | L18: 500000 | M18: =IF(G18="To be found",COUNTIF($E$2:$E$9999,E18),COUNTIF($G$2:$G$9999,G18)) -> 1 | O18: To call | P18: 0 | U18: 3237651 | V18: 45939 | W18: Chemin du Grand-Puits 42, 1217 Meyrin | X18: http://www.groupe-h.com | Y18: Avenue de la Paix 7bis, 1202 Genève | Z18: Commerce and administration | AA18: Transformations intérieures, aménagements extérieurs, raccordement du bâtiment au Genilac. Nouvelle prolongation de l'autorisation jusqu'au 19.12.2026 | AB18: Detail card
A19: DRINGEND 26.pdf | B19: 1 | C19: =IF(L19="","C",IF(L19>=Lists!$I$2,"A",IF(L19>=Lists!$I$3,"B","C"))) -> A | D19: Owner / client | E19: TESK Immo Sàrl | G19: To be found | I19: Transformation et agrandissement d'un dépôt | J19: 2852 Courtételle | K19: Permit application filed | L19: 300000 | M19: =IF(G19="To be found",COUNTIF($E$2:$E$9999,E19),COUNTIF($G$2:$G$9999,G19)) -> 1 | O19: To call | P19: 0 | U19: 3415587 | V19: 46002 | W19: Rue de la Rauracie 2, 2842 Rossemaison | Y19: Rue du Vieux-Moulin 53, 2852 Courtételle | Z19: Commerce and administration | AA19: Description du projet: Transformation et agrandissement du bâtiment No 53 pour bureaux, salle de conférence et exposition, pose de panneaux solaires, toiture et remplacement du chauffage à mazout par 2 PACS en façade sud, percement de 5 fenêtres au sud et 2 fenêtres au nord et construction d'un pavillon pour espace présenta ..> | AB19: Detail card
A20: DRINGEND 26.pdf | B20: 1 | C20: =IF(L20="","C",IF(L20>=Lists!$I$2,"A",IF(L20>=Lists!$I$3,"B","C"))) -> A | D20: Architect / planner | E20: AHD Architecture | G20: 077 985 29 64 | H20: info@ahdarchitecture.ch | I20: Transformation et agrandissement d'un dépôt | J20: 2852 Courtételle | K20: Permit application filed | L20: 300000 | M20: =IF(G20="To be found",COUNTIF($E$2:$E$9999,E20),COUNTIF($G$2:$G$9999,G20)) -> 1 | O20: To call | P20: 0 | U20: 3415587 | V20: 46002 | W20: Rue Emile-Boéchat 42, 2800 Delémont | Y20: Rue du Vieux-Moulin 53, 2852 Courtételle | Z20: Commerce and administration | AA20: Description du projet: Transformation et agrandissement du bâtiment No 53 pour bureaux, salle de conférence et exposition, pose de panneaux solaires, toiture et remplacement du chauffage à mazout par 2 PACS en façade sud, percement de 5 fenêtres au sud et 2 fenêtres au nord et construction d'un pavillon pour espace présenta ..> | AB20: Detail card
A21: DRINGEND 28.pdf | B21: 1 | C21: =IF(L21="","C",IF(L21>=Lists!$I$2,"A",IF(L21>=Lists!$I$3,"B","C"))) -> A | D21: Owner / client | E21: Top Store Braun Sàrl | G21: 079 450 52 78 | H21: info@top-stores.ch | I21: Construction bâtiment de bureaux, espace stockage | J21: 2803 Bourrignon | K21: Permit application filed | L21: 580000 | M21: =IF(G21="To be found",COUNTIF($E$2:$E$9999,E21),COUNTIF($G$2:$G$9999,G21)) -> 1 | O21: To call | P21: 0 | U21: 3401566 | V21: 45932 | W21: Droit Mont 1, 2803 Bourrignon | X21: http://www.top-stores.ch | Y21: Route Principale, 2803 Bourrignon | Z21: Commerce and administration | AA21: Description de l'ouvrage: Construction d'un bâtiment qui abritera des bureaux, un espace de stockage et un garage pour une voiture. Dimensions: Longueur 17,60m, largeur 8,80m, hauteur 4,98m, hauteur totale 6,63m. Genre de construction: Matériaux façades: enduit intérieur, brique TC, lame d'air, isolation, brique ciment, end ..> | AB21: Detail card
A22: DRINGEND 28.pdf | B22: 1 | C22: =IF(L22="","C",IF(L22>=Lists!$I$2,"A",IF(L22>=Lists!$I$3,"B","C"))) -> A | D22: General contractor | E22: 360° Comte Entreprise Générale SA | G22: 032 422 15 23 | H22: info@gcomte.ch | I22: Construction bâtiment de bureaux, espace stockage | J22: 2803 Bourrignon | K22: Permit application filed | L22: 580000 | M22: =IF(G22="To be found",COUNTIF($E$2:$E$9999,E22),COUNTIF($G$2:$G$9999,G22)) -> 1 | O22: To call | P22: 0 | U22: 3401566 | V22: 45932 | W22: Route de Moutier 93, 2800 Delémont | X22: http://www.360-comtesa.ch | Y22: Route Principale, 2803 Bourrignon | Z22: Commerce and administration | AA22: Description de l'ouvrage: Construction d'un bâtiment qui abritera des bureaux, un espace de stockage et un garage pour une voiture. Dimensions: Longueur 17,60m, largeur 8,80m, hauteur 4,98m, hauteur totale 6,63m. Genre de construction: Matériaux façades: enduit intérieur, brique TC, lame d'air, isolation, brique ciment, end ..> | AB22: Detail card
A23: DRINGEND 29.pdf | B23: 1 | C23: =IF(L23="","C",IF(L23>=Lists!$I$2,"A",IF(L23>=Lists!$I$3,"B","C"))) -> A | D23: Owner / client | E23: Braumann AG | F23: Mr Jörg Braumann | G23: 026 673 21 74 | H23: info@braumann.ch | I23: Rénovation d'un ancien bâtiment industriel | J23: 1786 Sugiez | K23: Permit granted | L23: 920000 | M23: =IF(G23="To be found",COUNTIF($E$2:$E$9999,E23),COUNTIF($G$2:$G$9999,G23)) -> 1 | O23: To call | P23: 0 | U23: 3330462 | V23: 45735 | W23: Route de l'Industrie 8, 1786 Sugiez | X23: http://www.braumann.ch | Y23: Chemin du Chablais 46, 1786 Sugiez | Z23: Industry and trade | AA23: Rénovation d'un ancien bâtiment industriel, ancienne halle transformé en espace de bureaux. Il s'agit essentiellement de travaux intérieurs de charpente, menuiserie intérieure, gipserie, électricité, chauffage sanitaire, revêtement intérieurs. | AB23: Detail card
A24: DRINGEND 29.pdf | B24: 1 | C24: =IF(L24="","C",IF(L24>=Lists!$I$2,"A",IF(L24>=Lists!$I$3,"B","C"))) -> A | D24: Architect / planner | E24: Atelier Pulver Architectes SA | G24: 026 673 03 63 | H24: info@aparchitectes.ch | I24: Rénovation d'un ancien bâtiment industriel | J24: 1786 Sugiez | K24: Permit granted | L24: 920000 | M24: =IF(G24="To be found",COUNTIF($E$2:$E$9999,E24),COUNTIF($G$2:$G$9999,G24)) -> 1 | O24: To call | P24: 0 | U24: 3330462 | V24: 45735 | W24: Route Principale 70, Case postale 9, 1786 Sugiez | X24: http://www.atelierpulver.ch | Y24: Chemin du Chablais 46, 1786 Sugiez | Z24: Industry and trade | AA24: Rénovation d'un ancien bâtiment industriel, ancienne halle transformé en espace de bureaux. Il s'agit essentiellement de travaux intérieurs de charpente, menuiserie intérieure, gipserie, électricité, chauffage sanitaire, revêtement intérieurs. | AB24: Detail card
A25: DRINGEND 32 .pdf | B25: 1 | C25: =IF(L25="","C",IF(L25>=Lists!$I$2,"A",IF(L25>=Lists!$I$3,"B","C"))) -> A | D25: Owner / client | E25: Sébastien Louis, Aline Raymonde et Anne Cécile Gampert | G25: 022 732 15 94 | I25: Changement d'affectation du logement en théâtre | J25: 1223 Cologny | K25: Permit granted | L25: 500000 | M25: =IF(G25="To be found",COUNTIF($E$2:$E$9999,E25),COUNTIF($G$2:$G$9999,G25)) -> 2 | O25: To call | P25: 0 | U25: 3358808 | V25: 45845 | W25: c/o atelier balan semadeni SNC, Avenue Blanc 51, 1202 Genève | Y25: Chemin de Ruth 16, 1223 Cologny | Z25: Culture and leisure | AA25: Rénovation du toit et des fenêtres, transformation intérieure et changement d'affectation du logement en théâtre | AB25: Detail card
A26: DRINGEND 32 .pdf | B26: 1 | C26: =IF(L26="","C",IF(L26>=Lists!$I$2,"A",IF(L26>=Lists!$I$3,"B","C"))) -> A | D26: Architect / planner | E26: Atelier Balan Semadeni SNC | F26: Ms Stefana Alexandra Balan Semadeni | G26: 022 732 15 94 | H26: info@balansemadeni.ch | I26: Changement d'affectation du logement en théâtre | J26: 1223 Cologny | K26: Permit granted | L26: 500000 | M26: =IF(G26="To be found",COUNTIF($E$2:$E$9999,E26),COUNTIF($G$2:$G$9999,G26)) -> 2 | O26: To call | P26: 0 | U26: 3358808 | V26: 45845 | W26: Avenue Blanc 51, 1202 Genève | X26: http://www.balansemadeni.ch | Y26: Chemin de Ruth 16, 1223 Cologny | Z26: Culture and leisure | AA26: Rénovation du toit et des fenêtres, transformation intérieure et changement d'affectation du logement en théâtre | AB26: Detail card
A27: DRINGEND 32.pdf | B27: 1 | C27: =IF(L27="","C",IF(L27>=Lists!$I$2,"A",IF(L27>=Lists!$I$3,"B","C"))) -> A | D27: Owner / client | E27: Etat de Genève-Département des Finances-Office des bâtiments | G27: 022 546 62 15 | H27: infodcti@etat.ge.ch | I27: Cycle d'orientation du Foron (101317000054) | J27: 1226 Thônex | K27: Permit granted | L27: 12000000 | M27: =IF(G27="To be found",COUNTIF($E$2:$E$9999,E27),COUNTIF($G$2:$G$9999,G27)) -> 2 | O27: To call | P27: 0 | U27: 3235065 | V27: 45251 | W27: Services des constructions et transformations, Boulevard de Saint-Georges 16/18, Case postale 32, 1211 Genève 8 | X27: http://www.ge.ch | Y27: Chemin du Foron 43, 1226 Thônex | Z27: Education and research | AA27: Cycle d'orientation du Foron - extension du bâtiment par surélévation et aménagement de 12 classes de cours - façade bois , toit plat en parti végétalisé - modification du stationnement - abattage et/ou élagage d'arbres hors forêt (RCVA) | AB27: Detail card | AC27: Same project as e_DRINGEND 83.pdf (p.2)
A28: DRINGEND 32.pdf | B28: 1 | C28: =IF(L28="","C",IF(L28>=Lists!$I$2,"A",IF(L28>=Lists!$I$3,"B","C"))) -> A | D28: Owner / client | E28: Etat de Genève, Département du territoire (DT) | G28: 022 546 62 00 | H28: ocbasac-marchespublics@etat.ge.ch | I28: Cycle d'orientation du Foron (101317000054) | J28: 1226 Thônex | K28: Permit granted | L28: 12000000 | M28: =IF(G28="To be found",COUNTIF($E$2:$E$9999,E28),COUNTIF($G$2:$G$9999,G28)) -> 5 | O28: To call | P28: 0 | U28: 3235065 | V28: 45251 | W28: Office cantonal des bâtiments (OCBA), Route des Jeunes 1A, Case postale 32, 1211 Genève 8 | X28: http://www.ge.ch | Y28: Chemin du Foron 43, 1226 Thônex | Z28: Education and research | AA28: Cycle d'orientation du Foron - extension du bâtiment par surélévation et aménagement de 12 classes de cours - façade bois , toit plat en parti végétalisé - modification du stationnement - abattage et/ou élagage d'arbres hors forêt (RCVA) | AB28: Detail card | AC28: Same project as e_DRINGEND 83.pdf (p.2)
A29: DRINGEND 32.pdf | B29: 1 | C29: =IF(L29="","C",IF(L29>=Lists!$I$2,"A",IF(L29>=Lists!$I$3,"B","C"))) -> A | D29: Owner / client | E29: Dep. des Infrastructures (DI) - Office cantonal des bâtiments - Direction des Rénovations et Transformations | G29: 022 546 53 90 | I29: Cycle d'orientation du Foron (101317000054) | J29: 1226 Thônex | K29: Permit granted | L29: 12000000 | M29: =IF(G29="To be found",COUNTIF($E$2:$E$9999,E29),COUNTIF($G$2:$G$9999,G29)) -> 2 | O29: To call | P29: 0 | U29: 3235065 | V29: 45251 | Y29: Chemin du Foron 43, 1226 Thônex | Z29: Education and research | AA29: Cycle d'orientation du Foron - extension du bâtiment par surélévation et aménagement de 12 classes de cours - façade bois , toit plat en parti végétalisé - modification du stationnement - abattage et/ou élagage d'arbres hors forêt (RCVA) | AB29: Summary table | AC29: Same project as e_DRINGEND 83.pdf (p.2)
A30: DRINGEND 32.pdf | B30: 1 | C30: =IF(L30="","C",IF(L30>=Lists!$I$2,"A",IF(L30>=Lists!$I$3,"B","C"))) -> A | D30: Architect / planner | E30: A-ARCHITECTES Sàrl | G30: 022 797 50 50 | I30: Cycle d'orientation du Foron (101317000054) | J30: 1226 Thônex | K30: Permit granted | L30: 12000000 | M30: =IF(G30="To be found",COUNTIF($E$2:$E$9999,E30),COUNTIF($G$2:$G$9999,G30)) -> 2 | O30: To call | P30: 0 | U30: 3235065 | V30: 45251 | Y30: Chemin du Foron 43, 1226 Thônex | Z30: Education and research | AA30: Cycle d'orientation du Foron - extension du bâtiment par surélévation et aménagement de 12 classes de cours - façade bois , toit plat en parti végétalisé - modification du stationnement - abattage et/ou élagage d'arbres hors forêt (RCVA) | AB30: Summary table | AC30: Same project as e_DRINGEND 83.pdf (p.2)
A31: DRINGEND 43.pdf | B31: 1 | C31: =IF(L31="","C",IF(L31>=Lists!$I$2,"A",IF(L31>=Lists!$I$3,"B","C"))) -> C | D31: Owner / client | E31: NAEF Surville SA | G31: 022 839 39 39 | I31: Aménagement intérieur de bureaux au 10ème étage | J31: 1213 Petit-Lancy | K31: Permit granted | L31: 50000 | M31: =IF(G31="To be found",COUNTIF($E$2:$E$9999,E31),COUNTIF($G$2:$G$9999,G31)) -> 3 | O31: To call | P31: 0 | U31: 3385673 | V31: 45854 | W31: Esplanade de Surville 2, 1213 Petit-Lancy | X31: http://www.naef.ch | Y31: Esplanade de Surville 2, 1213 Petit-Lancy | Z31: Commerce and administration | AA31: Aménagement intérieur de bureaux au 10ème étage | AB31: Detail card
A32: DRINGEND 43.pdf | B32: 1 | C32: =IF(L32="","C",IF(L32>=Lists!$I$2,"A",IF(L32>=Lists!$I$3,"B","C"))) -> C | D32: Architect / planner | E32: Alios SA | F32: Mr José Castro | G32: 022 839 37 78 | H32: info@alios-sa.ch | I32: Aménagement intérieur de bureaux au 10ème étage | J32: 1213 Petit-Lancy | K32: Permit granted | L32: 50000 | M32: =IF(G32="To be found",COUNTIF($E$2:$E$9999,E32),COUNTIF($G$2:$G$9999,G32)) -> 2 | O32: To call | P32: 0 | U32: 3385673 | V32: 45854 | W32: Avenue Eugène-Pittard 16, Case postale 6195, 1211 Genève 6 | X32: http://www.alios-sa.ch | Y32: Esplanade de Surville 2, 1213 Petit-Lancy | Z32: Commerce and administration | AA32: Aménagement intérieur de bureaux au 10ème étage | AB32: Detail card
A33: DRINGEND 44.pdf | B33: 1 | C33: =IF(L33="","C",IF(L33>=Lists!$I$2,"A",IF(L33>=Lists!$I$3,"B","C"))) -> B | D33: Owner / client | E33: Etat de Genève - Département des Infrastructures (DI) | F33: Mr Sandro Simioni | G33: 022 546 62 00 | H33: ocbasac-marchespublics@etat.ge.ch | I33: Construction d'une classe provisoire | J33: 1226 Thônex | K33: Permit granted | L33: 200000 | M33: =IF(G33="To be found",COUNTIF($E$2:$E$9999,E33),COUNTIF($G$2:$G$9999,G33)) -> 5 | O33: To call | P33: 0 | U33: 3385717 | V33: 45854 | W33: Office Cantonal des bâtiments (OCBA), Route des Jeunes 1a, Case postale 32, 1211 Genève 8 | X33: http://www.ge.ch | Y33: Chemin du Foron 43, 1226 Thônex | Z33: Education and research | AA33: Construction d'une classe provisoire (durée 15 mois) dans le cadre de la surélévation du cycle d'orientation du Foron | AB33: Detail card
A34: DRINGEND 44.pdf | B34: 1 | C34: =IF(L34="","C",IF(L34>=Lists!$I$2,"A",IF(L34>=Lists!$I$3,"B","C"))) -> B | D34: Architect / planner | E34: Glauco Lombardi Architectes Associés SA | F34: Mr Quentin Poncet | G34: 022 827 62 00 | H34: contact@glaucolombardi.ch | I34: Construction d'une classe provisoire | J34: 1226 Thônex | K34: Permit granted | L34: 200000 | M34: =IF(G34="To be found",COUNTIF($E$2:$E$9999,E34),COUNTIF($G$2:$G$9999,G34)) -> 1 | O34: To call | P34: 0 | U34: 3385717 | V34: 45854 | W34: Chemin de la Gravière 6, 1227 Les Acacias | X34: http://www.glaucolombardi.ch | Y34: Chemin du Foron 43, 1226 Thônex | Z34: Education and research | AA34: Construction d'une classe provisoire (durée 15 mois) dans le cadre de la surélévation du cycle d'orientation du Foron | AB34: Detail card
A35: DRINGEND 45.pdf | B35: 1 | C35: =IF(L35="","C",IF(L35>=Lists!$I$2,"A",IF(L35>=Lists!$I$3,"B","C"))) -> B | D35: Owner / client | E35: Hospice général, institution genevoise d'action sociale | F35: Ms Ersilia Salvi | G35: 022 420 52 00 | H35: contact@hospicegeneral.ch | I35: Aménagement de bureaux au 2ème et 5ème étage | J35: 1227 Carouge GE | K35: Permit granted | L35: 120000 | M35: =IF(G35="To be found",COUNTIF($E$2:$E$9999,E35),COUNTIF($G$2:$G$9999,G35)) -> 2 | O35: To call | P35: 0 | U35: 3385686 | V35: 45854 | W35: Cours de Rive 12, Case postale 3360, 1211 Genève 3 | X35: http://www.hospicegeneral.ch | Y35: Route des Acacias 54, 54bis, 1227 Carouge GE | Z35: Commerce and administration | AA35: Aménagement de bureaux au 2ème et 5ème étage | AB35: Detail card
A36: DRINGEND 45.pdf | B36: 1 | C36: =IF(L36="","C",IF(L36>=Lists!$I$2,"A",IF(L36>=Lists!$I$3,"B","C"))) -> B | D36: Architect / planner | E36: BKST Architectes SA | F36: Mr Bakir Mustajbegovic | G36: 022 575 61 20 | H36: info@bkst-architectes.ch | I36: Aménagement de bureaux au 2ème et 5ème étage | J36: 1227 Carouge GE | K36: Permit granted | L36: 120000 | M36: =IF(G36="To be found",COUNTIF($E$2:$E$9999,E36),COUNTIF($G$2:$G$9999,G36)) -> 1 | O36: To call | P36: 0 | U36: 3385686 | V36: 45854 | W36: Route des Acacias 43, 1227 Carouge GE | X36: http://www.bkst-architectes.ch | Y36: Route des Acacias 54, 54bis, 1227 Carouge GE | Z36: Commerce and administration | AA36: Aménagement de bureaux au 2ème et 5ème étage | AB36: Detail card
A37: DRINGEND 46.pdf | B37: 1 | C37: =IF(L37="","C",IF(L37>=Lists!$I$2,"A",IF(L37>=Lists!$I$3,"B","C"))) -> C | D37: Owner / client | E37: Hôpitaux Universitaires de Genève (HUG) | F37: Mr Jean-Charles Raetz | G37: 022 372 33 11 | I37: Aménagement de locaux au rez | J37: 1202 Genève | K37: Permit granted | L37: 80000 | M37: =IF(G37="To be found",COUNTIF($E$2:$E$9999,E37),COUNTIF($G$2:$G$9999,G37)) -> 1 | O37: To call | P37: 0 | U37: 3386117 | V37: 45855 | W37: Rue Gabrielle-Perret-Gentil 4, Case postale, 1211 Genève 14 | X37: http://www.hug-ge.ch | Y37: Chemin des Mines 9, 1202 Genève | Z37: Education and research | AA37: Aménagement de locaux au rez - accès plateforme PMR | AB37: Detail card
A38: DRINGEND 47.pdf | B38: 1 | C38: =IF(L38="","C",IF(L38>=Lists!$I$2,"A",IF(L38>=Lists!$I$3,"B","C"))) -> C | D38: Owner / client | E38: PSP Management AG | F38: Ms Aurélie Berg | G38: 044 625 57 57 | H38: zuerich@psp.info | I38: Division et aménagement d'un surface | J38: 1205 Genève | K38: Permit granted | L38: 50000 | M38: =IF(G38="To be found",COUNTIF($E$2:$E$9999,E38),COUNTIF($G$2:$G$9999,G38)) -> 1 | O38: To call | P38: 0 | U38: 3385940 | V38: 45855 | W38: Seestrasse 353, Postfach, 8038 Zürich | X38: http://www.psp.info | Y38: Rue des Bains 35, 1205 Genève | Z38: Commerce and administration | AA38: Division d'une surface et aménagement d'un surface au gré du preneur au 7ème étage | AB38: Detail card
A39: DRINGEND 47.pdf | B39: 1 | C39: =IF(L39="","C",IF(L39>=Lists!$I$2,"A",IF(L39>=Lists!$I$3,"B","C"))) -> C | D39: Architect / planner | E39: Giorgio Bello et Aydan Yurdakul | F39: Mr Giorgio Bello | G39: 022 738 09 33 | H39: atelier.g.a@bluewin.ch | I39: Division et aménagement d'un surface | J39: 1205 Genève | K39: Permit granted | L39: 50000 | M39: =IF(G39="To be found",COUNTIF($E$2:$E$9999,E39),COUNTIF($G$2:$G$9999,G39)) -> 1 | O39: To call | P39: 0 | U39: 3385940 | V39: 45855 | W39: Bureau d'architecte, Rue du Môle 42bis, 1201 Genève | X39: http://www.belloyurdakul.ch | Y39: Rue des Bains 35, 1205 Genève | Z39: Commerce and administration | AA39: Division d'une surface et aménagement d'un surface au gré du preneur au 7ème étage | AB39: Detail card
A40: DRINGEND 48.pdf | B40: 1 | C40: =IF(L40="","C",IF(L40>=Lists!$I$2,"A",IF(L40>=Lists!$I$3,"B","C"))) -> C | D40: Owner / client | E40: Labcorp Central Laboratory Services Sàrl | F40: Mr Stefano Fratianni | G40: 058 822 70 00 | H40: patricia.tirvaudey@labcorp.com | I40: Aménagement d'une unité de stockage | J40: 1217 Meyrin | K40: Permit granted | L40: 50000 | M40: =IF(G40="To be found",COUNTIF($E$2:$E$9999,E40),COUNTIF($G$2:$G$9999,G40)) -> 1 | O40: To call | P40: 0 | U40: 3385893 | V40: 45855 | W40: Rue Moïse-Marcinhes 7, 1217 Meyrin | X40: http://www.labcorp.com | Y40: Rue Emma-Kammacher 5b, 1217 Meyrin | Z40: Industry and trade | AA40: Aménagement d'une unité de stockage d'échantillons au 1er étage - raccordement sur installation de climatisation existante | AB40: Detail card
A41: DRINGEND 48.pdf | B41: 1 | C41: =IF(L41="","C",IF(L41>=Lists!$I$2,"A",IF(L41>=Lists!$I$3,"B","C"))) -> C | D41: Architect / planner | E41: DSA Daniele Stendardo Architectes Sàrl | F41: Mr Daniele Stendardo | G41: 022 592 92 40 | I41: Aménagement d'une unité de stockage | J41: 1217 Meyrin | K41: Permit granted | L41: 50000 | M41: =IF(G41="To be found",COUNTIF($E$2:$E$9999,E41),COUNTIF($G$2:$G$9999,G41)) -> 1 | O41: To call | P41: 0 | U41: 3385893 | V41: 45855 | W41: Route des Acacias 43, 1227 Les Acacias | X41: http://www.ds-ar.ch | Y41: Rue Emma-Kammacher 5b, 1217 Meyrin | Z41: Industry and trade | AA41: Aménagement d'une unité de stockage d'échantillons au 1er étage - raccordement sur installation de climatisation existante | AB41: Detail card
A42: DRINGEND 49.pdf | B42: 1 | C42: =IF(L42="","C",IF(L42>=Lists!$I$2,"A",IF(L42>=Lists!$I$3,"B","C"))) -> B | D42: Owner / client | E42: Société fiduciaire d'Expertise et de Revision SA (SFER) | F42: Mr Pascal Rivollet | G42: 022 737 89 89 | H42: sfer@fidusfer.ch | I42: Aménagement de bureaux sur deux étages | J42: 1208 Genève | K42: Permit granted | L42: 200000 | M42: =IF(G42="To be found",COUNTIF($E$2:$E$9999,E42),COUNTIF($G$2:$G$9999,G42)) -> 1 | O42: To call | P42: 0 | U42: 3386826 | V42: 45859 | W42: Rue Agasse 45, 1208 Genève | X42: http://www.fidusfer.ch | Y42: Chemin de la Petite-Boissière 2, 4, 1208 Genève | Z42: Commerce and administration | AA42: Aménagement de bureaux au rez inférieur et rez supérieur | AB42: Detail card
A43: DRINGEND 49.pdf | B43: 1 | C43: =IF(L43="","C",IF(L43>=Lists!$I$2,"A",IF(L43>=Lists!$I$3,"B","C"))) -> B | D43: Architect / planner | E43: Cerutti Architectes SA | F43: Mr Stéphane Pierre Cerutti | G43: 022 737 07 07 | H43: architectes@cerutti.net | I43: Aménagement de bureaux sur deux étages | J43: 1208 Genève | K43: Permit granted | L43: 200000 | M43: =IF(G43="To be found",COUNTIF($E$2:$E$9999,E43),COUNTIF($G$2:$G$9999,G43)) -> 1 | O43: To call | P43: 0 | U43: 3386826 | V43: 45859 | W43: Chemin du Vieux-Vésenaz 3a, Case postale 139, 1222 Vésenaz | X43: http://www.cerutti.net | Y43: Chemin de la Petite-Boissière 2, 4, 1208 Genève | Z43: Commerce and administration | AA43: Aménagement de bureaux au rez inférieur et rez supérieur | AB43: Detail card
A44: DRINGEND 50.pdf | B44: 1 | C44: =IF(L44="","C",IF(L44>=Lists!$I$2,"A",IF(L44>=Lists!$I$3,"B","C"))) -> C | D44: Owner / client | E44: Wincasa AG | F44: Mr Jörg Engeler | G44: 058 455 77 77 | I44: Aménagement de bureaux au rez-de-chaussée | J44: 1206 Genève | K44: Permit granted | L44: 70000 | M44: =IF(G44="To be found",COUNTIF($E$2:$E$9999,E44),COUNTIF($G$2:$G$9999,G44)) -> 1 | O44: To call | P44: 0 | U44: 3387061 | V44: 45860 | W44: Albisriederstrasse 253, 8047 Zürich | Y44: Avenue Louis-Aubert 20, 1206 Genève | Z44: Commerce and administration | AA44: Aménagement de bureaux au rez-de-chaussée | AB44: Detail card
A45: DRINGEND 50.pdf | B45: 1 | C45: =IF(L45="","C",IF(L45>=Lists!$I$2,"A",IF(L45>=Lists!$I$3,"B","C"))) -> C | D45: Architect / planner | E45: Gestion Administration Maîtrise et Management SA | F45: Mr Ludovic Fleischner | G45: 024 420 22 26 | H45: vaud@gammasa.ch | I45: Aménagement de bureaux au rez-de-chaussée | J45: 1206 Genève | K45: Permit granted | L45: 70000 | M45: =IF(G45="To be found",COUNTIF($E$2:$E$9999,E45),COUNTIF($G$2:$G$9999,G45)) -> 1 | O45: To call | P45: 0 | U45: 3387061 | V45: 45860 | W45: Chemin des Maladières 22, 2022 Bevaix | X45: http://www.gammasa.ch | Y45: Avenue Louis-Aubert 20, 1206 Genève | Z45: Commerce and administration | AA45: Aménagement de bureaux au rez-de-chaussée | AB45: Detail card
A46: DRINGEND 51.pdf | B46: 1 | C46: =IF(L46="","C",IF(L46>=Lists!$I$2,"A",IF(L46>=Lists!$I$3,"B","C"))) -> C | D46: Owner / client | E46: Argecil SA | F46: Mr Franco Bondi | G46: 022 707 08 00 | H46: info@argecil.ch | I46: Transformation rénovation de bureaux au 5ème étage | J46: 1207 Genève | K46: Permit granted | L46: 50000 | M46: =IF(G46="To be found",COUNTIF($E$2:$E$9999,E46),COUNTIF($G$2:$G$9999,G46)) -> 2 | O46: To call | P46: 0 | U46: 3387164 | V46: 45861 | W46: Société de gérance, Avenue de Frontenex 6, 1207 Genève | X46: http://www.argecil.ch | Y46: Avenue de Frontenex 6, 1207 Genève | Z46: Commerce and administration | AA46: Transformation rénovation de bureaux au 5ème étage - raccordement sur installation de climatisation existante | AB46: Detail card | AC46: Same project as e_DRINGEND 83.pdf (p.1)
A47: DRINGEND 51.pdf | B47: 1 | C47: =IF(L47="","C",IF(L47>=Lists!$I$2,"A",IF(L47>=Lists!$I$3,"B","C"))) -> C | D47: Architect / planner | E47: Strausak Associés SA | F47: Ms Pascale Strausak | G47: 022 343 94 41 | H47: contact@strausak.com | I47: Transformation rénovation de bureaux au 5ème étage | J47: 1207 Genève | K47: Permit granted | L47: 50000 | M47: =IF(G47="To be found",COUNTIF($E$2:$E$9999,E47),COUNTIF($G$2:$G$9999,G47)) -> 2 | O47: To call | P47: 0 | U47: 3387164 | V47: 45861 | W47: Rue de Veyrier 7, 1227 Carouge GE | X47: http://www.strausak.com | Y47: Avenue de Frontenex 6, 1207 Genève | Z47: Commerce and administration | AA47: Transformation rénovation de bureaux au 5ème étage - raccordement sur installation de climatisation existante | AB47: Detail card | AC47: Same project as e_DRINGEND 83.pdf (p.1)
A48: DRINGEND 52.pdf | B48: 1 | C48: =IF(L48="","C",IF(L48>=Lists!$I$2,"A",IF(L48>=Lists!$I$3,"B","C"))) -> C | D48: Owner / client | E48: Figestor SA | G48: 022 809 97 00 | H48: info@figestor.com | I48: Aménagement de surfaces administratives | J48: 1213 Petit-Lancy | K48: Permit granted | L48: 70000 | M48: =IF(G48="To be found",COUNTIF($E$2:$E$9999,E48),COUNTIF($G$2:$G$9999,G48)) -> 1 | O48: To call | P48: 0 | U48: 3387169 | V48: 45861 | W48: Rue Adrien-Lachenal 26, 1207 Genève | X48: http://www.figestor.com | Y48: Avenue des Morgines 10, 1213 Petit-Lancy | Z48: Commerce and administration | AA48: Aménagement de surfaces administratives au 1er étage | AB48: Detail card
A49: DRINGEND 52.pdf | B49: 1 | C49: =IF(L49="","C",IF(L49>=Lists!$I$2,"A",IF(L49>=Lists!$I$3,"B","C"))) -> C | D49: Architect / planner | E49: Marques | G49: To be found | I49: Aménagement de surfaces administratives | J49: 1213 Petit-Lancy | K49: Permit granted | L49: 70000 | M49: =IF(G49="To be found",COUNTIF($E$2:$E$9999,E49),COUNTIF($G$2:$G$9999,G49)) -> 3 | O49: To call | P49: 0 | U49: 3387169 | V49: 45861 | W49: 1205 Genève | Y49: Avenue des Morgines 10, 1213 Petit-Lancy | Z49: Commerce and administration | AA49: Aménagement de surfaces administratives au 1er étage | AB49: Detail card
A50: DRINGEND 53.pdf | B50: 1 | C50: =IF(L50="","C",IF(L50>=Lists!$I$2,"A",IF(L50>=Lists!$I$3,"B","C"))) -> C | D50: Owner / client | E50: Commune de Plan-les-Ouates | G50: 022 884 64 00 | H50: mairie@plan-les-ouates.ch | I50: Rénovation et séparation arcade de bureaux | J50: 1228 Plan-les-Ouates | K50: Permit granted | L50: 90000 | M50: =IF(G50="To be found",COUNTIF($E$2:$E$9999,E50),COUNTIF($G$2:$G$9999,G50)) -> 1 | O50: To call | P50: 0 | U50: 3387116 | V50: 45860 | W50: Route des Chevaliers-de-Malte 3, Case postale 17, 1228 Plan-les-Ouates | X50: http://www.plan-les-ouates.ch | Y50: Chemin de Vers 8, 1228 Plan-les-Ouates | Z50: Commerce and administration | AA50: Rénovation et séparation d'une arcade de bureaux en deux au rez-de-chaussée | AB50: Detail card
A51: DRINGEND 53.pdf | B51: 1 | C51: =IF(L51="","C",IF(L51>=Lists!$I$2,"A",IF(L51>=Lists!$I$3,"B","C"))) -> C | D51: Architect / planner | E51: Naef Immobilier Genève SA | F51: Ms Anne-Claire Dillard | G51: 022 839 39 39 | H51: geneve@naef.ch | I51: Rénovation et séparation arcade de bureaux | J51: 1228 Plan-les-Ouates | K51: Permit granted | L51: 90000 | M51: =IF(G51="To be found",COUNTIF($E$2:$E$9999,E51),COUNTIF($G$2:$G$9999,G51)) -> 3 | O51: To call | P51: 0 | U51: 3387116 | V51: 45860 | W51: 1206 Genève | X51: http://www.naef.ch | Y51: Chemin de Vers 8, 1228 Plan-les-Ouates | Z51: Commerce and administration | AA51: Rénovation et séparation d'une arcade de bureaux en deux au rez-de-chaussée | AB51: Detail card
A52: DRINGEND 54.pdf | B52: 1 | C52: =IF(L52="","C",IF(L52>=Lists!$I$2,"A",IF(L52>=Lists!$I$3,"B","C"))) -> C | D52: Owner / client | E52: Commune de Confignon | F52: Ms Anna Moroni | G52: 022 850 93 93 | H52: info@confignon.ch | I52: Aménagement de locaux pour le parascolaire | J52: 1232 Confignon | K52: Permit granted | L52: 70000 | M52: =IF(G52="To be found",COUNTIF($E$2:$E$9999,E52),COUNTIF($G$2:$G$9999,G52)) -> 2 | O52: To call | P52: 0 | U52: 3387455 | V52: 45862 | W52: Promenade des Rêveries 2, Case postale 18, 1232 Confignon | X52: http://www.confignon.ch | Y52: Rue Edouard-Vallet 16, 1232 Confignon | Z52: Education and research | AA52: Changement d'affectation - aménagement de locaux pour le parascolaire | AB52: Detail card
A53: DRINGEND 54.pdf | B53: 1 | C53: =IF(L53="","C",IF(L53>=Lists!$I$2,"A",IF(L53>=Lists!$I$3,"B","C"))) -> C | D53: Architect / planner | E53: MCBD architectes genève SNC | F53: Mr Bernard Delacoste | G53: 022 340 31 51 | H53: mcbd@mcbd.ch | I53: Aménagement de locaux pour le parascolaire | J53: 1232 Confignon | K53: Permit granted | L53: 70000 | M53: =IF(G53="To be found",COUNTIF($E$2:$E$9999,E53),COUNTIF($G$2:$G$9999,G53)) -> 2 | O53: To call | P53: 0 | U53: 3387455 | V53: 45862 | W53: Rue du Beulet 4, 1203 Genève | X53: http://www.mcbd.ch | Y53: Rue Edouard-Vallet 16, 1232 Confignon | Z53: Education and research | AA53: Changement d'affectation - aménagement de locaux pour le parascolaire | AB53: Detail card
A54: DRINGEND 55.pdf | B54: 1 | C54: =IF(L54="","C",IF(L54>=Lists!$I$2,"A",IF(L54>=Lists!$I$3,"B","C"))) -> C | D54: Owner / client | E54: Koch Supply & Trading Sàrl | F54: Mr Louis Albert Fascetti Jr | G54: 022 737 42 00 | I54: Aménagement de bureaux au 4ème étage | J54: 1204 Genève | K54: Permit granted | L54: 70000 | M54: =IF(G54="To be found",COUNTIF($E$2:$E$9999,E54),COUNTIF($G$2:$G$9999,G54)) -> 1 | O54: To call | P54: 0 | U54: 3387863 | V54: 45863 | W54: Chemin de Blandonnet 8, Case postale 1843, 1216 Cointrin | X54: http://www.ksandt.com | Y54: Rue de la Confédération 6, 1204 Genève | Z54: Commerce and administration | AA54: Aménagement de bureaux au 4ème étage - Raccordement sur installation de climatisation existante | AB54: Detail card
A55: DRINGEND 55.pdf | B55: 1 | C55: =IF(L55="","C",IF(L55>=Lists!$I$2,"A",IF(L55>=Lists!$I$3,"B","C"))) -> C | D55: Architect / planner | E55: TJCA SA | F55: Mr Chris Miller | G55: 022 869 88 44 | H55: admin@tjca.ch | I55: Aménagement de bureaux au 4ème étage | J55: 1204 Genève | K55: Permit granted | L55: 70000 | M55: =IF(G55="To be found",COUNTIF($E$2:$E$9999,E55),COUNTIF($G$2:$G$9999,G55)) -> 4 | O55: To call | P55: 0 | U55: 3387863 | V55: 45863 | W55: Chemin de la Bessonnette 7, 1224 Chêne-Bougeries | X55: http://www.tjca.ch | Y55: Rue de la Confédération 6, 1204 Genève | Z55: Commerce and administration | AA55: Aménagement de bureaux au 4ème étage - Raccordement sur installation de climatisation existante | AB55: Detail card
A56: DRINGEND 56.pdf | B56: 1 | C56: =IF(L56="","C",IF(L56>=Lists!$I$2,"A",IF(L56>=Lists!$I$3,"B","C"))) -> A | D56: Owner & architect | E56: Etat de Neuchâtel - Département de la gestion du territoire | F56: Mr Adriano Da Cunha | G56: 032 889 64 80 | H56: service.batiments@ne.ch | I56: Transformation de l'appartement de fonction | J56: 2034 Peseux | K56: Permit application filed | L56: 700000 | M56: =IF(G56="To be found",COUNTIF($E$2:$E$9999,E56),COUNTIF($G$2:$G$9999,G56)) -> 1 | O56: To call | P56: 0 | U56: 3385103 | V56: 45849 | W56: Service des bâtiments (SBAT), Rue de Tivoli 5, CP 1, 2002 Neuchâtel 2 | X56: http://www.ne.ch | Y56: Rue du Lac 3, 2034 Peseux | Z56: Education and research | AA56: Transformation de l'appartement de fonction / changement d'affectation | AB56: Detail card
A57: DRINGEND 57.pdf | B57: 1 | C57: =IF(L57="","C",IF(L57>=Lists!$I$2,"A",IF(L57>=Lists!$I$3,"B","C"))) -> B | D57: Owner / client | E57: Collège International de la Châtaigneraie SA | F57: Mr Laurent Falvert | G57: 022 960 91 11 | H57: reception.chat@ecolint.ch | I57: Intégration d'une salle de sport | J57: 1297 Founex | K57: Permit granted | L57: 120000 | M57: =IF(G57="To be found",COUNTIF($E$2:$E$9999,E57),COUNTIF($G$2:$G$9999,G57)) -> 1 | O57: To call | P57: 0 | U57: 3125851 | V57: 45848 | W57: Chemin de la Ferme 2, 1297 Founex | X57: http://www.ecolint.ch | Y57: Chemin de la Ferme 2, 1297 Founex | Z57: Education and research | AA57: Intégration d'une salle de sport provisoire pour le Collège Internationale de la Chatâigneraie SA. Façades tente structure aluminium extrudé et toile en tissu polyester enduit PVC. Chauffage au gaz. Modification de projet : Changement d'affectation des locaux. Adaptation des installations sanitaires. | AB57: Detail card
A58: DRINGEND 57.pdf | B58: 1 | C58: =IF(L58="","C",IF(L58>=Lists!$I$2,"A",IF(L58>=Lists!$I$3,"B","C"))) -> B | D58: Architect / planner | E58: Sylla Widmann Architectes SA | F58: Mr Marc Widmann | G58: 022 787 60 00 | H58: info@syllawidmann.ch | I58: Intégration d'une salle de sport | J58: 1297 Founex | K58: Permit granted | L58: 120000 | M58: =IF(G58="To be found",COUNTIF($E$2:$E$9999,E58),COUNTIF($G$2:$G$9999,G58)) -> 1 | O58: To call | P58: 0 | U58: 3125851 | V58: 45848 | W58: Rue des Maraîchers 8, 1205 Genève | X58: http://www.syllawidmann.ch | Y58: Chemin de la Ferme 2, 1297 Founex | Z58: Education and research | AA58: Intégration d'une salle de sport provisoire pour le Collège Internationale de la Chatâigneraie SA. Façades tente structure aluminium extrudé et toile en tissu polyester enduit PVC. Chauffage au gaz. Modification de projet : Changement d'affectation des locaux. Adaptation des installations sanitaires. | AB58: Detail card
A59: DRINGEND 58.pdf | B59: 1 | C59: =IF(L59="","C",IF(L59>=Lists!$I$2,"A",IF(L59>=Lists!$I$3,"B","C"))) -> C | D59: Owner / client | E59: Enshift AG | F59: Mr Dario Parisi | G59: 041 562 71 59 | H59: hello@enshift.com | I59: Changement de système de chauffage | J59: 1752 Villars-sur-Glâne | K59: Permit application filed | L59: 50000 | M59: =IF(G59="To be found",COUNTIF($E$2:$E$9999,E59),COUNTIF($G$2:$G$9999,G59)) -> 2 | O59: To call | P59: 0 | U59: 3389757 | V59: 45877 | W59: Neuhofstrasse 12, 6340 Baar | X59: http://www.enshift.com | Y59: Route de Villars 105, 1752 Villars-sur-Glâne | Z59: Industry and trade | AB59: Detail card
A60: DRINGEND 58.pdf | B60: 2 | C60: =IF(L60="","C",IF(L60>=Lists!$I$2,"A",IF(L60>=Lists!$I$3,"B","C"))) -> C | D60: Owner / client | E60: Enshift AG | F60: Mr Dario Parisi | G60: 041 562 71 59 | H60: hello@enshift.com | I60: Le système de chauffage au gaz existant | J60: 1752 Villars-sur-Glâne | K60: Permit application filed | L60: 50000 | M60: =IF(G60="To be found",COUNTIF($E$2:$E$9999,E60),COUNTIF($G$2:$G$9999,G60)) -> 2 | O60: To call | P60: 0 | U60: 3389765 | V60: 45877 | W60: Neuhofstrasse 12, 6340 Baar | X60: http://www.enshift.com | Y60: Route de Villars 110, 1752 Villars-sur-Glâne | Z60: Industry and trade | AB60: Detail card
A61: DRINGEND 59.pdf | B61: 1 | C61: =IF(L61="","C",IF(L61>=Lists!$I$2,"A",IF(L61>=Lists!$I$3,"B","C"))) -> C | D61: Architect / planner | E61: Barros Studio Architecture Sàrl | F61: Mr Carlos Barros | G61: 078 204 23 13 | H61: carlosbarros@basilar.ch | I61: Changement d'affectation d'un local | J61: 1617 Remaufens | K61: Permit application filed | L61: 20000 | M61: =IF(G61="To be found",COUNTIF($E$2:$E$9999,E61),COUNTIF($G$2:$G$9999,G61)) -> 1 | O61: To call | P61: 0 | U61: 3389908 | V61: 45877 | W61: Route d'Ursy 90, 1678 Siviriez | Y61: Chemin du Cornifel 7a, 1617 Remaufens | Z61: Industry and trade | AA61: Mise en conformité d'aménagements extérieurs avec des places de parc changement d'affectation d'un local au sous-sol en bureau avec création d'un lavabo | AB61: Detail card
A62: DRINGEND 59.pdf | B62: 2 | C62: =IF(L62="","C",IF(L62>=Lists!$I$2,"A",IF(L62>=Lists!$I$3,"B","C"))) -> B | D62: Owner / client | E62: Skyguide swiss air navigation services ltd | G62: 043 931 61 11 | H62: info@skyguide.ch | I62: Rückbau UKW-Sender der Flugsicherung | J62: 1717 St. Ursen | K62: Permit application filed | L62: 160000 | M62: =IF(G62="To be found",COUNTIF($E$2:$E$9999,E62),COUNTIF($G$2:$G$9999,G62)) -> 1 | O62: To call | P62: 0 | U62: 3389972 | V62: 45877 | W62: Flugsicherungsstrasse 1-5, Postfach 23, 8602 Wangen b. Dübendorf | X62: http://www.skyguide.ch | Y62: Struss 2c, 1717 St. Ursen | Z62: Industry and trade | AB62: Detail card
A63: DRINGEND 59.pdf | B63: 2 | C63: =IF(L63="","C",IF(L63>=Lists!$I$2,"A",IF(L63>=Lists!$I$3,"B","C"))) -> B | D63: Architect / planner | E63: GeoPlaning Tafers AG | G63: 026 494 19 25 | H63: tafers@geoplaning.ch | I63: Rückbau UKW-Sender der Flugsicherung | J63: 1717 St. Ursen | K63: Permit application filed | L63: 160000 | M63: =IF(G63="To be found",COUNTIF($E$2:$E$9999,E63),COUNTIF($G$2:$G$9999,G63)) -> 1 | O63: To call | P63: 0 | U63: 3389972 | V63: 45877 | W63: Mariahilfstrasse 4b, Postfach 18, 1712 Tafers | X63: http://www.bkgeoservice.ch | Y63: Struss 2c, 1717 St. Ursen | Z63: Industry and trade | AB63: Detail card
A64: DRINGEND 59.pdf | B64: 3 | C64: =IF(L64="","C",IF(L64>=Lists!$I$2,"A",IF(L64>=Lists!$I$3,"B","C"))) -> A | D64: Owner / client | E64: André Ramseyer AG | G64: 031 744 00 00 | H64: info@ramseyer.ch | I64: Neubau Betriebsgebäude für Vertrieb | J64: 3175 Flamatt | K64: Permit application filed | L64: 15000000 | M64: =IF(G64="To be found",COUNTIF($E$2:$E$9999,E64),COUNTIF($G$2:$G$9999,G64)) -> 1 | O64: To call | P64: 0 | U64: 3389980 | V64: 45877 | W64: Industriestrasse 32, 3175 Flamatt | X64: http://www.ramseyer.ch | Y64: Industriestrasse 32, 3175 Flamatt | Z64: Industry and trade | AA64: 2-geschossiger Neubau mit einer Unterkellerung. Massivbau mit einer vorgehängter Metallverkleidung und einem begrünten Flachdach sowie Sufbau einer PV-Anlage. Heizung: Grundwasser und Wärmeverteilung über Deckenstrahler und Radiatoren. Einbau von Neben- und Personalräumen. Einbau Waren-/Personenlift sowie Einbau von Sektio ..> | AB64: Detail card
A65: DRINGEND 59.pdf | B65: 3 | C65: =IF(L65="","C",IF(L65>=Lists!$I$2,"A",IF(L65>=Lists!$I$3,"B","C"))) -> A | D65: Architect / planner | E65: ANS Architekten und Planer SIA AG | G65: 031 838 80 80 | H65: info@ans-architekten.ch | I65: Neubau Betriebsgebäude für Vertrieb | J65: 3175 Flamatt | K65: Permit application filed | L65: 15000000 | M65: =IF(G65="To be found",COUNTIF($E$2:$E$9999,E65),COUNTIF($G$2:$G$9999,G65)) -> 1 | O65: To call | P65: 0 | U65: 3389980 | V65: 45877 | W65: Hauptstrasse 14, Postfach 672, 3076 Worb | X65: http://www.ans-architekten.ch | Y65: Industriestrasse 32, 3175 Flamatt | Z65: Industry and trade | AA65: 2-geschossiger Neubau mit einer Unterkellerung. Massivbau mit einer vorgehängter Metallverkleidung und einem begrünten Flachdach sowie Sufbau einer PV-Anlage. Heizung: Grundwasser und Wärmeverteilung über Deckenstrahler und Radiatoren. Einbau von Neben- und Personalräumen. Einbau Waren-/Personenlift sowie Einbau von Sektio ..> | AB65: Detail card
A66: DRINGEND 59.pdf | B66: 4 | C66: =IF(L66="","C",IF(L66>=Lists!$I$2,"A",IF(L66>=Lists!$I$3,"B","C"))) -> B | D66: Owner / client | E66: Etat de Fribourg | G66: 026 305 37 93 | I66: Unterhaltsarbeiten im Südturm / Verwaltungsgebäude | J66: 3280 Murten | K66: Permit granted | L66: 200000 | M66: =IF(G66="To be found",COUNTIF($E$2:$E$9999,E66),COUNTIF($G$2:$G$9999,G66)) -> 1 | O66: To call | P66: 0 | U66: 3369115 | V66: 45881 | W66: Domaine public des Eaux, Route des Daillettes 6, 1700 Fribourg | Y66: Schlossgasse 1a, 3280 Murten | Z66: Commerce and administration | AA66: Unterhaltsarbeiten im Südturm / Verwaltungsgebäude. | AB66: Detail card
A67: DRINGEND 59.pdf | B67: 4 | C67: =IF(L67="","C",IF(L67>=Lists!$I$2,"A",IF(L67>=Lists!$I$3,"B","C"))) -> B | D67: Architect / planner | E67: Reolon | G67: To be found | I67: Unterhaltsarbeiten im Südturm / Verwaltungsgebäude | J67: 3280 Murten | K67: Permit granted | L67: 200000 | M67: =IF(G67="To be found",COUNTIF($E$2:$E$9999,E67),COUNTIF($G$2:$G$9999,G67)) -> 1 | O67: To call | P67: 0 | U67: 3369115 | V67: 45881 | W67: Les Grandseys 29, 1564 Domdidier | Y67: Schlossgasse 1a, 3280 Murten | Z67: Commerce and administration | AA67: Unterhaltsarbeiten im Südturm / Verwaltungsgebäude. | AB67: Detail card
A68: DRINGEND 61.pdf | B68: 1 | C68: =IF(L68="","C",IF(L68>=Lists!$I$2,"A",IF(L68>=Lists!$I$3,"B","C"))) -> C | D68: Owner / client | E68: Pilet & Renaud SA | F68: Mr Johan Pierre | G68: 022 322 92 22 | H68: service@pilet-renaud.ch | I68: Aménagement d'un bureau | J68: 1204 Genève | K68: Permit granted | L68: 50000 | M68: =IF(G68="To be found",COUNTIF($E$2:$E$9999,E68),COUNTIF($G$2:$G$9999,G68)) -> 2 | O68: To call | P68: 0 | U68: 3424287 | V68: 46058 | W68: Agence immobilière, Boulevard Georges-Favon 2, Case postale, 1211 Genève 11 | X68: http://www.pilet-renaud.ch | Y68: Rue du Stand 40, 1204 Genève | Z68: Commerce and administration | AA68: Aménagement d'un bureau au 3ème étage. | AB68: Detail card
A69: DRINGEND 62.pdf | B69: 1 | C69: =IF(L69="","C",IF(L69>=Lists!$I$2,"A",IF(L69>=Lists!$I$3,"B","C"))) -> C | D69: Owner / client | E69: Ascenseurs Menétrey SA | G69: 026 651 90 70 | H69: amr@menetrey-lift.ch | I69: Transformation de garages en bureaux | J69: 1680 Romont FR | K69: Permit application filed | L69: 10000 | M69: =IF(G69="To be found",COUNTIF($E$2:$E$9999,E69),COUNTIF($G$2:$G$9999,G69)) -> 2 | O69: To call | P69: 0 | U69: 3402931 | V69: 45940 | W69: Route de la Condémine 10, Case postale 107, 1680 Romont FR | X69: http://www.menetrey-lift.ch | Y69: Route de la Condémine 10, 1680 Romont FR | Z69: Commerce and administration | AA69: Mise en conformité pour changement d'affectation. Transformation de garages en bureaux. | AB69: Detail card | AC69: Same project as DRINGEND 63.pdf (p.1)
A70: DRINGEND 62.pdf | B70: 1 | C70: =IF(L70="","C",IF(L70>=Lists!$I$2,"A",IF(L70>=Lists!$I$3,"B","C"))) -> C | D70: Architect / planner | E70: Index Architectes Sàrl | G70: To be found | H70: info@index-ar.ch | I70: Transformation de garages en bureaux | J70: 1680 Romont FR | K70: Permit application filed | L70: 10000 | M70: =IF(G70="To be found",COUNTIF($E$2:$E$9999,E70),COUNTIF($G$2:$G$9999,G70)) -> 2 | O70: To call | P70: 0 | U70: 3402931 | V70: 45940 | W70: Rue de l'Eglise 74, 1680 Romont FR | X70: http://www.index-ar.ch | Y70: Route de la Condémine 10, 1680 Romont FR | Z70: Commerce and administration | AA70: Mise en conformité pour changement d'affectation. Transformation de garages en bureaux. | AB70: Detail card | AC70: Same project as DRINGEND 63.pdf (p.1)
A71: DRINGEND 63.pdf | B71: 1 | C71: =IF(L71="","C",IF(L71>=Lists!$I$2,"A",IF(L71>=Lists!$I$3,"B","C"))) -> C | D71: Owner / client | E71: Ascenseurs Menétrey SA | G71: 026 651 90 70 | H71: amr@menetrey-lift.ch | I71: Transformation de garages en bureaux | J71: 1680 Romont FR | K71: Permit application filed | L71: 10000 | M71: =IF(G71="To be found",COUNTIF($E$2:$E$9999,E71),COUNTIF($G$2:$G$9999,G71)) -> 2 | O71: To call | P71: 0 | U71: 3402931 | V71: 45940 | W71: Route de la Condémine 10, Case postale 107, 1680 Romont FR | X71: http://www.menetrey-lift.ch | Y71: Route de la Condémine 10, 1680 Romont FR | Z71: Commerce and administration | AA71: Mise en conformité pour changement d'affectation. Transformation de garages en bureaux. | AB71: Detail card | AC71: Same project as DRINGEND 62.pdf (p.1)
A72: DRINGEND 63.pdf | B72: 1 | C72: =IF(L72="","C",IF(L72>=Lists!$I$2,"A",IF(L72>=Lists!$I$3,"B","C"))) -> C | D72: Architect / planner | E72: Index Architectes Sàrl | G72: To be found | H72: info@index-ar.ch | I72: Transformation de garages en bureaux | J72: 1680 Romont FR | K72: Permit application filed | L72: 10000 | M72: =IF(G72="To be found",COUNTIF($E$2:$E$9999,E72),COUNTIF($G$2:$G$9999,G72)) -> 2 | O72: To call | P72: 0 | U72: 3402931 | V72: 45940 | W72: Rue de l'Eglise 74, 1680 Romont FR | X72: http://www.index-ar.ch | Y72: Route de la Condémine 10, 1680 Romont FR | Z72: Commerce and administration | AA72: Mise en conformité pour changement d'affectation. Transformation de garages en bureaux. | AB72: Detail card | AC72: Same project as DRINGEND 62.pdf (p.1)
A73: DRINGEND 64.pdf | B73: 1 | C73: =IF(L73="","C",IF(L73>=Lists!$I$2,"A",IF(L73>=Lists!$I$3,"B","C"))) -> A | D73: Architect / planner | E73: Bard | G73: 026 652 36 72 | H73: daniel.bard@bluewin.ch | I73: Agrandissement du bâtiment d'exploitation | J73: 1667 Enney | K73: Permit application filed | L73: 900000 | M73: =IF(G73="To be found",COUNTIF($E$2:$E$9999,E73),COUNTIF($G$2:$G$9999,G73)) -> 1 | O73: To call | P73: 0 | U73: 3406884 | V73: 45961 | W73: Daniel, Chemin du Vugy 13, 1684 Mézières FR | Y73: Route de la Léchyre 8a, 1667 Enney | Z73: Agriculture and forestry | AB73: Detail card
A74: DRINGEND 65.pdf | B74: 1 | C74: =IF(L74="","C",IF(L74>=Lists!$I$2,"A",IF(L74>=Lists!$I$3,"B","C"))) -> B | D74: Owner / client | E74: Institut Agricole de l'Etat de Fribourg | G74: 026 305 55 00 | I74: Transformation du rez | J74: 1725 Posieux | K74: Permit application filed | L74: 200000 | M74: =IF(G74="To be found",COUNTIF($E$2:$E$9999,E74),COUNTIF($G$2:$G$9999,G74)) -> 1 | O74: To call | P74: 0 | U74: 3409664 | V74: 45975 | W74: Direction centrale et administration, Route de Grangeneuve 31, 1725 Posieux | X74: http://www.grangeneuve.ch | Y74: Route de Grangeneuve 29, 1725 Posieux | Z74: Commerce and administration | AA74: Le projet prévoit la transformation du rez-de-chaussée du bâtiment S, incluant un changement d'affectation des locaux. Les espaces actuellement utilisés comme foyers seront réaménagés et destinés à un usage administratif (bureaux). | AB74: Detail card
A75: DRINGEND 65.pdf | B75: 1 | C75: =IF(L75="","C",IF(L75>=Lists!$I$2,"A",IF(L75>=Lists!$I$3,"B","C"))) -> B | D75: Architect / planner | E75: Module SA Architectures | G75: 026 652 91 91 | H75: admin@modulesa.ch | I75: Transformation du rez | J75: 1725 Posieux | K75: Permit application filed | L75: 200000 | M75: =IF(G75="To be found",COUNTIF($E$2:$E$9999,E75),COUNTIF($G$2:$G$9999,G75)) -> 1 | O75: To call | P75: 0 | U75: 3409664 | V75: 45975 | W75: Avenue Gérard-Clerc 2, 1680 Romont FR | X75: http://www.modulesa.ch | Y75: Route de Grangeneuve 29, 1725 Posieux | Z75: Commerce and administration | AA75: Le projet prévoit la transformation du rez-de-chaussée du bâtiment S, incluant un changement d'affectation des locaux. Les espaces actuellement utilisés comme foyers seront réaménagés et destinés à un usage administratif (bureaux). | AB75: Detail card
A76: DRINGEND 66.pdf | B76: 1 | C76: =IF(L76="","C",IF(L76>=Lists!$I$2,"A",IF(L76>=Lists!$I$3,"B","C"))) -> A | D76: Owner / client | E76: Boxéal SA | G76: To be found | I76: Construction de 33 box | J76: 1684 Mézières FR | K76: Permit application filed | L76: 800000 | M76: =IF(G76="To be found",COUNTIF($E$2:$E$9999,E76),COUNTIF($G$2:$G$9999,G76)) -> 1 | O76: To call | P76: 0 | U76: 3409812 | V76: 45975 | W76: c/o YADES Immobilier SA, Avenue des Découvertes 3, 1400 Yverdon-les-Bains | Y76: Chemin de la Parqueterie, 1684 Mézières FR | Z76: Industry and trade | AA76: Construction de 33 box pour affectation: stockage, halles artisanales et/ou bureaux. | AB76: Detail card
A77: DRINGEND 66.pdf | B77: 1 | C77: =IF(L77="","C",IF(L77>=Lists!$I$2,"A",IF(L77>=Lists!$I$3,"B","C"))) -> A | D77: Architect / planner | E77: od architecture Sàrl | G77: 078 240 99 47 | H77: info@od-archi.ch | I77: Construction de 33 box | J77: 1684 Mézières FR | K77: Permit application filed | L77: 800000 | M77: =IF(G77="To be found",COUNTIF($E$2:$E$9999,E77),COUNTIF($G$2:$G$9999,G77)) -> 1 | O77: To call | P77: 0 | U77: 3409812 | V77: 45975 | W77: Rue Centrale 16, 1964 Conthey | X77: http://www.od-archi.ch | Y77: Chemin de la Parqueterie, 1684 Mézières FR | Z77: Industry and trade | AA77: Construction de 33 box pour affectation: stockage, halles artisanales et/ou bureaux. | AB77: Detail card
A78: DRINGEND 67.pdf | B78: 1 | C78: =IF(L78="","C",IF(L78>=Lists!$I$2,"A",IF(L78>=Lists!$I$3,"B","C"))) -> A | D78: Owner / client | E78: Ville de Fribourg - Direction de l'édilité | F78: Ms Lucienne Mauron | G78: 026 351 75 04 | H78: genie.civil@ville-fr.ch | I78: Transformations intérieures | J78: 1700 Fribourg | K78: Permit application filed | L78: 350000 | M78: =IF(G78="To be found",COUNTIF($E$2:$E$9999,E78),COUNTIF($G$2:$G$9999,G78)) -> 1 | O78: To call | P78: 0 | U78: 3409599 | V78: 45975 | W78: Service Urbanisme et Architecture, Rue Joseph-Piller 7, 1700 Fribourg | X78: http://www.ville-fribourg.ch | Y78: Route des Neigles 50, 1700 Fribourg | Z78: Commerce and administration | AA78: Transformations intérieures et implantation de containers pour bureaux. Pas plus d'info | AB78: Detail card
A79: DRINGEND 68.pdf | B79: 1 | C79: =IF(L79="","C",IF(L79>=Lists!$I$2,"A",IF(L79>=Lists!$I$3,"B","C"))) -> C | D79: Owner / client | E79: Paroisse Notre-Dame du Belmont | G79: 026 675 12 54 | I79: Projet d'aménagement d'un bureau | J79: 1564 Domdidier | K79: Permit application filed | L79: 40000 | M79: =IF(G79="To be found",COUNTIF($E$2:$E$9999,E79),COUNTIF($G$2:$G$9999,G79)) -> 1 | O79: To call | P79: 0 | U79: 3416612 | V79: 46010 | W79: Route des Grandseys 1, 1564 Domdidier | Y79: Route des Grandseys 1, 1564 Domdidier | Z79: Commerce and administration | AA79: Aménagement d'un bureau pour le secrétariat au sous-sol. Sans appel d'offres. | AB79: Detail card
A80: DRINGEND 68.pdf | B80: 1 | C80: =IF(L80="","C",IF(L80>=Lists!$I$2,"A",IF(L80>=Lists!$I$3,"B","C"))) -> C | D80: Architect / planner | E80: Médard Borgognon et François Currat | G80: To be found | H80: borgognon.architecture@gmail.com | I80: Projet d'aménagement d'un bureau | J80: 1564 Domdidier | K80: Permit application filed | L80: 40000 | M80: =IF(G80="To be found",COUNTIF($E$2:$E$9999,E80),COUNTIF($G$2:$G$9999,G80)) -> 1 | O80: To call | P80: 0 | U80: 3416612 | V80: 46010 | W80: Bureau d'Architecte, Vy-d'Avenches 9, 1564 Domdidier | Y80: Route des Grandseys 1, 1564 Domdidier | Z80: Commerce and administration | AA80: Aménagement d'un bureau pour le secrétariat au sous-sol. Sans appel d'offres. | AB80: Detail card
A81: DRINGEND 69.pdf | B81: 1 | C81: =IF(L81="","C",IF(L81>=Lists!$I$2,"A",IF(L81>=Lists!$I$3,"B","C"))) -> B | D81: Owner / client | E81: Etat de Fribourg - DAEC | G81: 026 305 37 84 | H81: sbat@fr.ch | I81: Aménagement de l'accueil et des bureaux | J81: 1700 Fribourg | K81: Permit application filed | L81: 150000 | M81: =IF(G81="To be found",COUNTIF($E$2:$E$9999,E81),COUNTIF($G$2:$G$9999,G81)) -> 1 | O81: To call | P81: 0 | U81: 3415179 | V81: 46003 | W81: Service des bâtiments (SBAT), Route des Daillettes 6, Case postale, 1701 Fribourg | X81: http://www.fr.ch/sbat | Y81: Boulevard de Pérolles 80, 1700 Fribourg | Z81: Education and research | AA81: Aménagement de l'accueil et des bureaux du services technique au rez-de-chaussée, transformation de la réception et de la direction au deuxième étage. | AB81: Detail card
A82: DRINGEND 69.pdf | B82: 1 | C82: =IF(L82="","C",IF(L82>=Lists!$I$2,"A",IF(L82>=Lists!$I$3,"B","C"))) -> B | D82: Architect / planner | E82: Maeder Stooss Architekten GmbH | G82: 031 381 12 57 | H82: buero@maeder-stooss.ch | I82: Aménagement de l'accueil et des bureaux | J82: 1700 Fribourg | K82: Permit application filed | L82: 150000 | M82: =IF(G82="To be found",COUNTIF($E$2:$E$9999,E82),COUNTIF($G$2:$G$9999,G82)) -> 1 | O82: To call | P82: 0 | U82: 3415179 | V82: 46003 | W82: Paganaweg 4, 3280 Murten | X82: http://www.maeder-stooss.ch | Y82: Boulevard de Pérolles 80, 1700 Fribourg | Z82: Education and research | AA82: Aménagement de l'accueil et des bureaux du services technique au rez-de-chaussée, transformation de la réception et de la direction au deuxième étage. | AB82: Detail card
A83: DRINGEND 70.pdf | B83: 1 | C83: =IF(L83="","C",IF(L83>=Lists!$I$2,"A",IF(L83>=Lists!$I$3,"B","C"))) -> A | D83: Owner / client | E83: CTMS Immobilier SA | F83: Mr Stépahne Dougoud | G83: To be found | I83: Construction d'une halle de charpente | J83: 1667 Enney | K83: Permit application filed | L83: 800000 | M83: =IF(G83="To be found",COUNTIF($E$2:$E$9999,E83),COUNTIF($G$2:$G$9999,G83)) -> 1 | O83: To call | P83: 0 | U83: 3416413 | V83: 46010 | W83: Route de la Poya 34, 1665 Estavannens | Y83: Rue des Artisans 12, 1667 Enney | Z83: Industry and trade | AA83: Démolition de la scierie. Construction d'une halle de charpente avec bureaux et couvert de stockage indépendant, PAC air-eau. | AB83: Detail card
A84: DRINGEND 70.pdf | B84: 1 | C84: =IF(L84="","C",IF(L84>=Lists!$I$2,"A",IF(L84>=Lists!$I$3,"B","C"))) -> A | D84: Architect / planner | E84: Tinguely Architectes Sàrl | G84: 026 565 38 78 | H84: contact@tinguely-architectes.ch | I84: Construction d'une halle de charpente | J84: 1667 Enney | K84: Permit application filed | L84: 800000 | M84: =IF(G84="To be found",COUNTIF($E$2:$E$9999,E84),COUNTIF($G$2:$G$9999,G84)) -> 1 | O84: To call | P84: 0 | U84: 3416413 | V84: 46010 | W84: Rue de la Lécheretta 6, 1630 Bulle | X84: http://www.tinguely-architectes.ch | Y84: Rue des Artisans 12, 1667 Enney | Z84: Industry and trade | AA84: Démolition de la scierie. Construction d'une halle de charpente avec bureaux et couvert de stockage indépendant, PAC air-eau. | AB84: Detail card
A85: DRINGEND 71.pdf | B85: 1 | C85: =IF(L85="","C",IF(L85>=Lists!$I$2,"A",IF(L85>=Lists!$I$3,"B","C"))) -> C | D85: Owner / client | E85: Cronos Finance SA | F85: Mr Florian Dégago | G85: 021 331 28 00 | H85: gestion@cronosfinance.ch | I85: Aménagement intérieur de locaux de locations | J85: 1700 Fribourg | K85: Permit application filed | L85: 50000 | M85: =IF(G85="To be found",COUNTIF($E$2:$E$9999,E85),COUNTIF($G$2:$G$9999,G85)) -> 1 | O85: To call | P85: 0 | U85: 3378298 | V85: 45821 | W85: Chemin de la Damataire 28, 1009 Pully | X85: http://www.cronosfinance.ch | Y85: Route du Jura 49, 1700 Fribourg | Z85: Social care and health | AA85: Aménagement intérieur de locaux de locations (cabinet de physiothérapie et activité administrative), (périmètre ISOS 23). Sans appel d'offres. | AB85: Detail card
A86: DRINGEND 71.pdf | B86: 1 | C86: =IF(L86="","C",IF(L86>=Lists!$I$2,"A",IF(L86>=Lists!$I$3,"B","C"))) -> C | D86: Architect / planner | E86: BBA Archipole SA | F86: Mr Fabrice Mahon | G86: 026 424 88 55 | H86: info@bba-archipole.ch | I86: Aménagement intérieur de locaux de locations | J86: 1700 Fribourg | K86: Permit application filed | L86: 50000 | M86: =IF(G86="To be found",COUNTIF($E$2:$E$9999,E86),COUNTIF($G$2:$G$9999,G86)) -> 1 | O86: To call | P86: 0 | U86: 3378298 | V86: 45821 | W86: Route du Jura 49, 1700 Fribourg | X86: http://www.bba-archipole.ch | Y86: Route du Jura 49, 1700 Fribourg | Z86: Social care and health | AA86: Aménagement intérieur de locaux de locations (cabinet de physiothérapie et activité administrative), (périmètre ISOS 23). Sans appel d'offres. | AB86: Detail card
A87: DRINGEND 130.pdf | B87: 1 | C87: =IF(L87="","C",IF(L87>=Lists!$I$2,"A",IF(L87>=Lists!$I$3,"B","C"))) -> B | D87: Owner / client | E87: Citibank (Switzerland) AG | F87: Mr Kornel Csallo | G87: 058 750 50 00 | H87: info@citigroup.com | I87: Réaménagement des bureaux sur quatre étages | J87: 1204 Genève | K87: Permit granted | L87: 200000 | M87: =IF(G87="To be found",COUNTIF($E$2:$E$9999,E87),COUNTIF($G$2:$G$9999,G87)) -> 1 | O87: To call | P87: 0 | U87: 3361334 | V87: 45743 | W87: Hardstrasse 201, Postfach 3760, 8005 Zürich | X87: http://www.citigroup.com | Y87: Rue de l'Arquebuse 1, 1204 Genève | Z87: Commerce and administration | AA87: Réaménagement des bureaux Etages concernées: Rez, 1er, 2ème et 3ème | AB87: Detail card
A88: DRINGEND 130.pdf | B88: 1 | C88: =IF(L88="","C",IF(L88>=Lists!$I$2,"A",IF(L88>=Lists!$I$3,"B","C"))) -> B | D88: Architect / planner | E88: Mint Architecture AG | F88: Mr Peter Roth | G88: To be found | I88: Réaménagement des bureaux sur quatre étages | J88: 1204 Genève | K88: Permit granted | L88: 200000 | M88: =IF(G88="To be found",COUNTIF($E$2:$E$9999,E88),COUNTIF($G$2:$G$9999,G88)) -> 1 | O88: To call | P88: 0 | U88: 3361334 | V88: 45743 | W88: Förrlibuckstrasse 150, 8005 Zürich | X88: http://www.mint-architecture.ch | Y88: Rue de l'Arquebuse 1, 1204 Genève | Z88: Commerce and administration | AA88: Réaménagement des bureaux Etages concernées: Rez, 1er, 2ème et 3ème | AB88: Detail card
A89: DRINGEND 510.pdf | B89: 1 | C89: =IF(L89="","C",IF(L89>=Lists!$I$2,"A",IF(L89>=Lists!$I$3,"B","C"))) -> C | D89: Owner / client | E89: CIEPP Caisse inter-entreprises de prévoyance professionnelle | G89: 058 715 31 11 | H89: ciepp@fer-ge.ch | I89: Aménagement d'une surface administrative | J89: 1228 Plan-les-Ouates | K89: Permit granted | L89: 50000 | M89: =IF(G89="To be found",COUNTIF($E$2:$E$9999,E89),COUNTIF($G$2:$G$9999,G89)) -> 1 | O89: To call | P89: 0 | U89: 3424923 | V89: 46059 | W89: Rue de Saint-Jean 67, Case postale, 1211 Genève 3 | X89: http://www.ciepp.ch | Y89: Chemin du Champ-des-Filles 4a, 1228 Plan-les-Ouates | Z89: Commerce and administration | AA89: Aménagement d'une surface administrative au 4ème étage. | AB89: Detail card
A90: DRINGEND 510.pdf | B90: 1 | C90: =IF(L90="","C",IF(L90>=Lists!$I$2,"A",IF(L90>=Lists!$I$3,"B","C"))) -> C | D90: Architect / planner | E90: Crea'Projets SA | F90: Mr Stephane Esposito | G90: 022 794 37 82 | H90: s.esposito@creaprojets.ch | I90: Aménagement d'une surface administrative | J90: 1228 Plan-les-Ouates | K90: Permit granted | L90: 50000 | M90: =IF(G90="To be found",COUNTIF($E$2:$E$9999,E90),COUNTIF($G$2:$G$9999,G90)) -> 5 | O90: To call | P90: 0 | U90: 3424923 | V90: 46059 | W90: Chemin du Pont-du-Centenaire 140, 1228 Plan-les-Ouates | X90: http://www.creaprojets.ch | Y90: Chemin du Champ-des-Filles 4a, 1228 Plan-les-Ouates | Z90: Commerce and administration | AA90: Aménagement d'une surface administrative au 4ème étage. | AB90: Detail card
A91: DRINGEND 511.pdf | B91: 1 | C91: =IF(L91="","C",IF(L91>=Lists!$I$2,"A",IF(L91>=Lists!$I$3,"B","C"))) -> B | D91: Owner / client | E91: Swiss Life SA | G91: 022 908 38 50 | H91: ag.geneve-rive-droite@swisslife.ch | I91: Aménagement de bureaux | J91: 1214 Vernier | K91: Permit granted | L91: 150000 | M91: =IF(G91="To be found",COUNTIF($E$2:$E$9999,E91),COUNTIF($G$2:$G$9999,G91)) -> 1 | O91: To call | P91: 0 | U91: 3421721 | V91: 46045 | W91: Route de Pré-Bois 20, 1215 Genève | X91: http://www.swisslife.ch | Y91: Chemin de Blandonnet 8, 1214 Vernier | Z91: Commerce and administration | AA91: Aménagement de bureaux au 2ème étage. | AB91: Detail card
A92: DRINGEND 511.pdf | B92: 1 | C92: =IF(L92="","C",IF(L92>=Lists!$I$2,"A",IF(L92>=Lists!$I$3,"B","C"))) -> B | D92: Architect / planner | E92: Marques | G92: To be found | I92: Aménagement de bureaux | J92: 1214 Vernier | K92: Permit granted | L92: 150000 | M92: =IF(G92="To be found",COUNTIF($E$2:$E$9999,E92),COUNTIF($G$2:$G$9999,G92)) -> 3 | O92: To call | P92: 0 | U92: 3421721 | V92: 46045 | W92: 1205 Genève | Y92: Chemin de Blandonnet 8, 1214 Vernier | Z92: Commerce and administration | AA92: Aménagement de bureaux au 2ème étage. | AB92: Detail card
A93: DRINGEND 610.pdf | B93: 1 | C93: =IF(L93="","C",IF(L93>=Lists!$I$2,"A",IF(L93>=Lists!$I$3,"B","C"))) -> C | D93: Owner / client | E93: VetSpecialistes SA | F93: Mr Luc Borer | G93: 022 708 11 33 | H93: info@vetspecialistes.ch | I93: Transformation de deux bureaux | J93: 1218 Le Grand-Saconnex | K93: Permit granted | L93: 80000 | M93: =IF(G93="To be found",COUNTIF($E$2:$E$9999,E93),COUNTIF($G$2:$G$9999,G93)) -> 1 | O93: To call | P93: 0 | U93: 3420827 | V93: 46041 | W93: Route de Ferney 194b, 1218 Le Grand-Saconnex | X93: http://www.vetspecialistes.ch | Y93: Route de Ferney 194b, 1218 Le Grand-Saconnex | Z93: Commerce and administration | AA93: Transformation de deux bureaux au 1er étage d'un cabinet vétérinaire. | AB93: Detail card
A94: DRINGEND 610.pdf | B94: 1 | C94: =IF(L94="","C",IF(L94>=Lists!$I$2,"A",IF(L94>=Lists!$I$3,"B","C"))) -> C | D94: Architect / planner | E94: Collectif Architecture Sarl | F94: Mr Kevin Chung | G94: 022 556 13 34 | H94: contact@c-architecture.ch | I94: Transformation de deux bureaux | J94: 1218 Le Grand-Saconnex | K94: Permit granted | L94: 80000 | M94: =IF(G94="To be found",COUNTIF($E$2:$E$9999,E94),COUNTIF($G$2:$G$9999,G94)) -> 1 | O94: To call | P94: 0 | U94: 3420827 | V94: 46041 | W94: Route des Jeunes 4bis, 1227 Les Acacias | X94: http://www.c-architecture.ch | Y94: Route de Ferney 194b, 1218 Le Grand-Saconnex | Z94: Commerce and administration | AA94: Transformation de deux bureaux au 1er étage d'un cabinet vétérinaire. | AB94: Detail card
A95: DRINGEND 710.pdf | B95: 1 | C95: =IF(L95="","C",IF(L95>=Lists!$I$2,"A",IF(L95>=Lists!$I$3,"B","C"))) -> C | D95: Owner / client | E95: Etat de Genève - Département des Infrastructures (DI) | F95: Mr Jean-Pierre Duport | G95: 022 546 62 00 | H95: ocbasac-marchespublics@etat.ge.ch | I95: Transformation de deux salles de réunion | J95: 1204 Genève | K95: Permit granted | L95: 90000 | M95: =IF(G95="To be found",COUNTIF($E$2:$E$9999,E95),COUNTIF($G$2:$G$9999,G95)) -> 5 | O95: To call | P95: 0 | U95: 3423883 | V95: 46056 | W95: Office Cantonal des bâtiments (OCBA), Route des Jeunes 1a, Case postale 32, 1211 Genève 8 | X95: http://www.ge.ch | Y95: Rue de l'Hôtel-de-Ville 14, 1204 Genève | Z95: Commerce and administration | AA95: Transformation de deux salles de réunion au rez-de-chaussée. | AB95: Detail card
A96: DRINGEND 710.pdf | B96: 1 | C96: =IF(L96="","C",IF(L96>=Lists!$I$2,"A",IF(L96>=Lists!$I$3,"B","C"))) -> C | D96: Architect / planner | E96: Ganz Muller Architectes SA | F96: Mr Antoine Muller | G96: 022 786 32 00 | H96: info@ganzmuller.ch | I96: Transformation de deux salles de réunion | J96: 1204 Genève | K96: Permit granted | L96: 90000 | M96: =IF(G96="To be found",COUNTIF($E$2:$E$9999,E96),COUNTIF($G$2:$G$9999,G96)) -> 3 | O96: To call | P96: 0 | U96: 3423883 | V96: 46056 | W96: Place de Jargonnant 5, 1207 Genève | X96: http://www.ganzmuller.ch | Y96: Rue de l'Hôtel-de-Ville 14, 1204 Genève | Z96: Commerce and administration | AA96: Transformation de deux salles de réunion au rez-de-chaussée. | AB96: Detail card
A97: DRINGEND 711.pdf | B97: 1 | C97: =IF(L97="","C",IF(L97>=Lists!$I$2,"A",IF(L97>=Lists!$I$3,"B","C"))) -> B | D97: Owner / client | E97: Holman Fenwick Willan Switzerland LLP, Londres, Geneva Branch | F97: Mr Michael Buisset | G97: To be found | I97: Aménagement de bureaux sur un étage | J97: 1204 Genève | K97: Permit granted | L97: 170000 | M97: =IF(G97="To be found",COUNTIF($E$2:$E$9999,E97),COUNTIF($G$2:$G$9999,G97)) -> 2 | O97: To call | P97: 0 | U97: 3420471 | V97: 46038 | W97: Cours de Rive 13-15, 1204 Genève | Y97: Place de Hollande 2, 1204 Genève | Z97: Commerce and administration | AA97: Aménagement de bureaux au 6ème étage - raccordement à une installation de climatisation de confort. | AB97: Detail card
A98: DRINGEND 711.pdf | B98: 1 | C98: =IF(L98="","C",IF(L98>=Lists!$I$2,"A",IF(L98>=Lists!$I$3,"B","C"))) -> B | D98: Architect / planner | E98: Beric SA | F98: Mr David Perzoff | G98: 022 827 18 28 | H98: info@beric.ch | I98: Aménagement de bureaux sur un étage | J98: 1204 Genève | K98: Permit granted | L98: 170000 | M98: =IF(G98="To be found",COUNTIF($E$2:$E$9999,E98),COUNTIF($G$2:$G$9999,G98)) -> 1 | O98: To call | P98: 0 | U98: 3420471 | V98: 46038 | W98: Rue des Voisins 17, Case postale 140, 1211 Genève 4 | X98: http://www.beric.ch | Y98: Place de Hollande 2, 1204 Genève | Z98: Commerce and administration | AA98: Aménagement de bureaux au 6ème étage - raccordement à une installation de climatisation de confort. | AB98: Detail card
A99: DRINGEND 712 .pdf | B99: 1 | C99: =IF(L99="","C",IF(L99>=Lists!$I$2,"A",IF(L99>=Lists!$I$3,"B","C"))) -> A | D99: Owner / client | E99: BCF Sicav en liquidation | G99: To be found | I99: Aménagement de surface commerciale | J99: 1723 Marly | K99: Permit application filed | L99: 500000 | M99: =IF(G99="To be found",COUNTIF($E$2:$E$9999,E99),COUNTIF($G$2:$G$9999,G99)) -> 1 | O99: To call | P99: 0 | U99: 3426055 | V99: 46066 | W99: c/o BCF, Boulevard de Pérolles 1, 1700 Fribourg | Y99: Ancienne-Papeterie 4, 1723 Marly | Z99: Commerce and administration | AA99: Aménagement d'une surface commerciale : agence de la Banque cantonale fribourgeoise. Création d'une zone d'accueil, de vestiaires, d'un local électrique, d'un espace de rangement pour les chaises, d'une cafétéria et d'un auditorium de 49 places. | AB99: Detail card
A100: DRINGEND 712 .pdf | B100: 1 | C100: =IF(L100="","C",IF(L100>=Lists!$I$2,"A",IF(L100>=Lists!$I$3,"B","C"))) -> A | D100: Civil engineer | E100: CCHE Lausanne SA | G100: 021 321 44 66 | H100: lausanne@cche.ch | I100: Aménagement de surface commerciale | J100: 1723 Marly | K100: Permit application filed | L100: 500000 | M100: =IF(G100="To be found",COUNTIF($E$2:$E$9999,E100),COUNTIF($G$2:$G$9999,G100)) -> 1 | O100: To call | P100: 0 | U100: 3426055 | V100: 46066 | W100: Rue du Grand-Pré 2b, Case postale 320, 1000 Lausanne 16 | X100: http://www.cche.ch | Y100: Ancienne-Papeterie 4, 1723 Marly | Z100: Commerce and administration | AA100: Aménagement d'une surface commerciale : agence de la Banque cantonale fribourgeoise. Création d'une zone d'accueil, de vestiaires, d'un local électrique, d'un espace de rangement pour les chaises, d'une cafétéria et d'un auditorium de 49 places. | AB100: Detail card
...

Sheet Projects
A1: PDF file | B1: Page | C1: Infopro project ref. | D1: Project | E1: Site location | F1: Site address | G1: Plot | H1: Stage | I1: Application published | J1: Permit granted | K1: Works value (CHF) | L1: Category | M1: Use | N1: Subcategories | O1: Description | P1: Infopro research date | Q1: Owner / client | R1: Architect / planner | S1: Contacts | T1: Contacts reached | U1: Interested / meetings / quotes | V1: Duplicate
A2: DRINGEND 4.pdf | B2: 1 | C2: 3417573 | D2: Aménagement d'un espace de coworking | E2: 1213 Petit-Lancy | F2: Route de Chancy 59, 1213 Petit-Lancy | G2: Parc. 611, 4950 | H2: Permit granted | J2: 46029 | K2: 50000 | L2: Commerce and administration | M2: Not relevant | N2: Offices (standard specification) – interior conversion | O2: Aménagement d'un espace de coworking au 3ème étage. | P2: 46029 | Q2: YNEO SA | R2: Marques | S2: =COUNTIFS(Calls!$A$2:$A$9999,$A2,Calls!$B$2:$B$9999,$B2) -> 2 | T2: =COUNTIFS(Calls!$A$2:$A$9999,$A2,Calls!$B$2:$B$9999,$B2,Calls!$N$2:$N$9999,"Reached*") -> 1 | U2: =COUNTIFS(Calls!$A$2:$A$9999,$A2,Calls!$B$2:$B$9999,$B2,Calls!$O$2:$O$9999,"Interested")+COUNTIFS(Calls!$A$2:$A$9999,$A2,Calls!$B$2:$B$9999,$B2,Calls!$O$2:$O$9999,"Meeting booked")+COUNTIFS(Calls!$A$2:$A$9999,$A2,Calls!$B$2:$B$9999,$B2,Calls!$O$2:$O$9999,"Quote requested") -> 0
A3: DRINGEND 5.pdf | B3: 1 | C3: 3416972 | D3: Aménagement de bureau | E3: 1206 Genève | F3: Route de Florissant 13, 1206 Genève | G3: Parc. 2361 | H3: Permit granted | J3: 46014 | K3: 40000 | L3: Commerce and administration | M3: Not relevant | N3: Offices (high specification) – interior conversion | O3: Aménagement de bureau au 7ème étage. | P3: 46014 | Q3: Yara Clean Ammonia Switzerland SA | R3: TJCA SA | S3: =COUNTIFS(Calls!$A$2:$A$9999,$A3,Calls!$B$2:$B$9999,$B3) -> 2 | T3: =COUNTIFS(Calls!$A$2:$A$9999,$A3,Calls!$B$2:$B$9999,$B3,Calls!$N$2:$N$9999,"Reached*") -> 1 | U3: =COUNTIFS(Calls!$A$2:$A$9999,$A3,Calls!$B$2:$B$9999,$B3,Calls!$O$2:$O$9999,"Interested")+COUNTIFS(Calls!$A$2:$A$9999,$A3,Calls!$B$2:$B$9999,$B3,Calls!$O$2:$O$9999,"Meeting booked")+COUNTIFS(Calls!$A$2:$A$9999,$A3,Calls!$B$2:$B$9999,$B3,Calls!$O$2:$O$9999,"Quote requested") -> 0
A4: DRINGEND 6.pdf | B4: 1 | C4: 3416925 | D4: Transformation et rénovation de bureaux | E4: 1202 Genève | F4: Rue de Lausanne 80, 1202 Genève | G4: Parc. 3737 | H4: Permit granted | J4: 46013 | K4: 150000 | L4: Commerce and administration | M4: Not relevant | N4: Offices (high specification) – interior conversion | O4: Transformation et rénovation de bureaux au 6ème étage. | P4: 46013 | Q4: von Rundstedt & Partner Suisse SA, succursale de Genève | R4: RIS + Partenaires Architectes SA | S4: =COUNTIFS(Calls!$A$2:$A$9999,$A4,Calls!$B$2:$B$9999,$B4) -> 2 | T4: =COUNTIFS(Calls!$A$2:$A$9999,$A4,Calls!$B$2:$B$9999,$B4,Calls!$N$2:$N$9999,"Reached*") -> 2 | U4: =COUNTIFS(Calls!$A$2:$A$9999,$A4,Calls!$B$2:$B$9999,$B4,Calls!$O$2:$O$9999,"Interested")+COUNTIFS(Calls!$A$2:$A$9999,$A4,Calls!$B$2:$B$9999,$B4,Calls!$O$2:$O$9999,"Meeting booked")+COUNTIFS(Calls!$A$2:$A$9999,$A4,Calls!$B$2:$B$9999,$B4,Calls!$O$2:$O$9999,"Quote requested") -> 0
A5: DRINGEND 7.pdf | B5: 1 | C5: 3412698 | D5: Transformation d'une école de voile | E5: 1110 Morges | F5: Place de la Navigation 1, 1110 Morges | G5: Parc. 115, 1405 | H5: Permit application filed | I5: 45989 | K5: 350000 | L5: Commerce and administration | N5: Offices (high specification) – interior conversion Restaurants – interior conversion Restaurants – extension | O5: Transformation du bâtiment ECA no 2670b avec création d'un bureau (école de voile) et d'un espace privé de réunion de 50 places avec possibilité de restauration pour les membres. Création d'une terrasse extérieure de 40 places. Isolation périphérique et revêtement de 27 cm, ouvertures en façade. Façade en lame de bois ajour ..> | P5: 45992 | Q5: Ville de Morges | R5: Fehlmann Architectes SA | S5: =COUNTIFS(Calls!$A$2:$A$9999,$A5,Calls!$B$2:$B$9999,$B5) -> 2 | T5: =COUNTIFS(Calls!$A$2:$A$9999,$A5,Calls!$B$2:$B$9999,$B5,Calls!$N$2:$N$9999,"Reached*") -> 1 | U5: =COUNTIFS(Calls!$A$2:$A$9999,$A5,Calls!$B$2:$B$9999,$B5,Calls!$O$2:$O$9999,"Interested")+COUNTIFS(Calls!$A$2:$A$9999,$A5,Calls!$B$2:$B$9999,$B5,Calls!$O$2:$O$9999,"Meeting booked")+COUNTIFS(Calls!$A$2:$A$9999,$A5,Calls!$B$2:$B$9999,$B5,Calls!$O$2:$O$9999,"Quote requested") -> 0
A6: DRINGEND 13.pdf | B6: 1 | C6: 3403243 | D6: Aménagement d'un local d'exploitation - MBC | E6: 1110 Morges | F6: Rue Centrale 29, 1110 Morges | G6: Parc. 4169 | H6: Permit application filed | I6: 45940 | K6: 300000 | L6: Industry and trade | N6: Operational and commercial buildings – interior conversion | O6: Aménagement d'un local d'exploitation : création d'un vestiaire pour hommes, d'un vestiaire pour femmes, d'une salle d'allaitement/conférence, d'une salle de repos, de douches et de WC, d'une salle de pause/cafétéria, d'un dégagement et d'un local fumeur. | P6: 45944 | Q6: Societe Immobiliere de la Place de la Gare A SA | R6: Doutaz Architecture SA | S6: =COUNTIFS(Calls!$A$2:$A$9999,$A6,Calls!$B$2:$B$9999,$B6) -> 2 | T6: =COUNTIFS(Calls!$A$2:$A$9999,$A6,Calls!$B$2:$B$9999,$B6,Calls!$N$2:$N$9999,"Reached*") -> 0 | U6: =COUNTIFS(Calls!$A$2:$A$9999,$A6,Calls!$B$2:$B$9999,$B6,Calls!$O$2:$O$9999,"Interested")+COUNTIFS(Calls!$A$2:$A$9999,$A6,Calls!$B$2:$B$9999,$B6,Calls!$O$2:$O$9999,"Meeting booked")+COUNTIFS(Calls!$A$2:$A$9999,$A6,Calls!$B$2:$B$9999,$B6,Calls!$O$2:$O$9999,"Quote requested") -> 0
A7: DRINGEND 15.pdf | B7: 1 | C7: 3404345 | D7: Changement d'affectation | E7: 1400 Yverdon-les-Bains | F7: Avenue de Grandson 48, 1400 Yverdon-les-Bains | G7: Parc. 1254 | H7: Permit application filed | I7: 45947 | K7: 50000 | L7: Education and research | M7: Not relevant | N7: Primary and secondary schools – interior conversion | O7: Changement d'affectation. Aménagement d'une salle de classe dans les locaux existants. | P7: 45947 | Q7: HIAG Immobilier Schweiz AG | R7: Studio 116 Architecture Architecte | S7: =COUNTIFS(Calls!$A$2:$A$9999,$A7,Calls!$B$2:$B$9999,$B7) -> 2 | T7: =COUNTIFS(Calls!$A$2:$A$9999,$A7,Calls!$B$2:$B$9999,$B7,Calls!$N$2:$N$9999,"Reached*") -> 0 | U7: =COUNTIFS(Calls!$A$2:$A$9999,$A7,Calls!$B$2:$B$9999,$B7,Calls!$O$2:$O$9999,"Interested")+COUNTIFS(Calls!$A$2:$A$9999,$A7,Calls!$B$2:$B$9999,$B7,Calls!$O$2:$O$9999,"Meeting booked")+COUNTIFS(Calls!$A$2:$A$9999,$A7,Calls!$B$2:$B$9999,$B7,Calls!$O$2:$O$9999,"Quote requested") -> 0
A8: DRINGEND 19.pdf | B8: 1 | C8: 3415421 | D8: Transformations intérieures de l'ancien Office | E8: 1003 Lausanne | F8: Place de la Navigation 6, 1003 Lausanne | G8: Parc. 5419 | H8: Permit application filed | I8: 46003 | K8: 900000 | L8: Commerce and administration | N8: Offices (standard specification) – interior conversion Offices (standard specification) – exterior conversion Offices (standard specification) – extension | O8: Transformations des locaux de l'ancien Office du tourisme au rez-de-chaussée pour la création d'un office bancaire avec installation d'un bancomat. Création de quatre guichets dont un fermé, une zone client, un sas de sécurité, un local de comptage, une cuisinette et un WC. | P8: 46007 | Q8: Commune de Lausanne | R8: B2 Architecture + Protection Incendie Sàrl | S8: =COUNTIFS(Calls!$A$2:$A$9999,$A8,Calls!$B$2:$B$9999,$B8) -> 2 | T8: =COUNTIFS(Calls!$A$2:$A$9999,$A8,Calls!$B$2:$B$9999,$B8,Calls!$N$2:$N$9999,"Reached*") -> 0 | U8: =COUNTIFS(Calls!$A$2:$A$9999,$A8,Calls!$B$2:$B$9999,$B8,Calls!$O$2:$O$9999,"Interested")+COUNTIFS(Calls!$A$2:$A$9999,$A8,Calls!$B$2:$B$9999,$B8,Calls!$O$2:$O$9999,"Meeting booked")+COUNTIFS(Calls!$A$2:$A$9999,$A8,Calls!$B$2:$B$9999,$B8,Calls!$O$2:$O$9999,"Quote requested") -> 0
A9: DRINGEND 20.pdf | B9: 1 | C9: 3399157 | D9: Surélévation, agrandissement et rénovation | E9: 1180 Rolle | F9: Route de Lausanne 4, 1180 Rolle | G9: Parc. 608 | H9: Permit application filed | I9: 45919 | K9: 790000 | L9: Industry and trade | N9: Industrial halls – extension Industrial halls – interior conversion Industrial halls – exterior conversion Offices (high specification) – interior conversion | O9: Surélévation, agrandissement et rénovation de 2 bâtiments industriels - création de surfaces de bureaux et d'espaces pour la recherche et développement d'équipements de sécurité. Agrandissement en structure métallique, façades en panneaux sandwich, toiture en panneaux sandwich, reconstruction et isolation des toiture basse. ..> | P9: 45925 | R9: INEA Ingénierie Civile et Architecture | S9: =COUNTIFS(Calls!$A$2:$A$9999,$A9,Calls!$B$2:$B$9999,$B9) -> 1 | T9: =COUNTIFS(Calls!$A$2:$A$9999,$A9,Calls!$B$2:$B$9999,$B9,Calls!$N$2:$N$9999,"Reached*") -> 0 | U9: =COUNTIFS(Calls!$A$2:$A$9999,$A9,Calls!$B$2:$B$9999,$B9,Calls!$O$2:$O$9999,"Interested")+COUNTIFS(Calls!$A$2:$A$9999,$A9,Calls!$B$2:$B$9999,$B9,Calls!$O$2:$O$9999,"Meeting booked")+COUNTIFS(Calls!$A$2:$A$9999,$A9,Calls!$B$2:$B$9999,$B9,Calls!$O$2:$O$9999,"Quote requested") -> 0
A10: DRINGEND 24.pdf | B10: 1 | C10: 3237651 | D10: Transformations intérieures, raccordement bâtiment | E10: 1202 Genève | F10: Avenue de la Paix 7bis, 1202 Genève | G10: Parc. 5039 | H10: Permit granted | I10: 45135 | J10: 45939 | K10: 500000 | L10: Commerce and administration | N10: Administrative buildings and data centres – interior conversion Administrative buildings and data centres – exterior conversion Administrative buildings and data centres – extension | O10: Transformations intérieures, aménagements extérieurs, raccordement du bâtiment au Genilac. Nouvelle prolongation de l'autorisation jusqu'au 19.12.2026 | P10: 45939 | Q10: Organisation météorologique mondiale - OMM | R10: Groupe H Architecture et Ingénierie SA | S10: =COUNTIFS(Calls!$A$2:$A$9999,$A10,Calls!$B$2:$B$9999,$B10) -> 2 | T10: =COUNTIFS(Calls!$A$2:$A$9999,$A10,Calls!$B$2:$B$9999,$B10,Calls!$N$2:$N$9999,"Reached*") -> 0 | U10: =COUNTIFS(Calls!$A$2:$A$9999,$A10,Calls!$B$2:$B$9999,$B10,Calls!$O$2:$O$9999,"Interested")+COUNTIFS(Calls!$A$2:$A$9999,$A10,Calls!$B$2:$B$9999,$B10,Calls!$O$2:$O$9999,"Meeting booked")+COUNTIFS(Calls!$A$2:$A$9999,$A10,Calls!$B$2:$B$9999,$B10,Calls!$O$2:$O$9999,"Quote requested") -> 0
A11: DRINGEND 26.pdf | B11: 1 | C11: 3415587 | D11: Transformation et agrandissement d'un dépôt | E11: 2852 Courtételle | F11: Rue du Vieux-Moulin 53, 2852 Courtételle | G11: Parc. 1857 | H11: Permit application filed | I11: 46002 | K11: 300000 | L11: Commerce and administration | M11: Own use | N11: Shops – interior conversion Shops – extension Offices (high specification) – interior conversion Offices (high specification) – extension | O11: Description du projet: Transformation et agrandissement du bâtiment No 53 pour bureaux, salle de conférence et exposition, pose de panneaux solaires, toiture et remplacement du chauffage à mazout par 2 PACS en façade sud, percement de 5 fenêtres au sud et 2 fenêtres au nord et construction d'un pavillon pour espace présenta ..> | P11: 46008 | Q11: TESK Immo Sàrl | R11: AHD Architecture | S11: =COUNTIFS(Calls!$A$2:$A$9999,$A11,Calls!$B$2:$B$9999,$B11) -> 2 | T11: =COUNTIFS(Calls!$A$2:$A$9999,$A11,Calls!$B$2:$B$9999,$B11,Calls!$N$2:$N$9999,"Reached*") -> 0 | U11: =COUNTIFS(Calls!$A$2:$A$9999,$A11,Calls!$B$2:$B$9999,$B11,Calls!$O$2:$O$9999,"Interested")+COUNTIFS(Calls!$A$2:$A$9999,$A11,Calls!$B$2:$B$9999,$B11,Calls!$O$2:$O$9999,"Meeting booked")+COUNTIFS(Calls!$A$2:$A$9999,$A11,Calls!$B$2:$B$9999,$B11,Calls!$O$2:$O$9999,"Quote requested") -> 0
A12: DRINGEND 28.pdf | B12: 1 | C12: 3401566 | D12: Construction bâtiment de bureaux, espace stockage | E12: 2803 Bourrignon | F12: Route Principale, 2803 Bourrignon | G12: Parc. 1055 | H12: Permit application filed | I12: 45932 | K12: 580000 | L12: Commerce and administration | N12: Warehouses – new build Offices (high specification) – new build Garages / prefabricated garages – new build | O12: Description de l'ouvrage: Construction d'un bâtiment qui abritera des bureaux, un espace de stockage et un garage pour une voiture. Dimensions: Longueur 17,60m, largeur 8,80m, hauteur 4,98m, hauteur totale 6,63m. Genre de construction: Matériaux façades: enduit intérieur, brique TC, lame d'air, isolation, brique ciment, end ..> | P12: 45938 | Q12: Top Store Braun Sàrl | S12: =COUNTIFS(Calls!$A$2:$A$9999,$A12,Calls!$B$2:$B$9999,$B12) -> 2 | T12: =COUNTIFS(Calls!$A$2:$A$9999,$A12,Calls!$B$2:$B$9999,$B12,Calls!$N$2:$N$9999,"Reached*") -> 0 | U12: =COUNTIFS(Calls!$A$2:$A$9999,$A12,Calls!$B$2:$B$9999,$B12,Calls!$O$2:$O$9999,"Interested")+COUNTIFS(Calls!$A$2:$A$9999,$A12,Calls!$B$2:$B$9999,$B12,Calls!$O$2:$O$9999,"Meeting booked")+COUNTIFS(Calls!$A$2:$A$9999,$A12,Calls!$B$2:$B$9999,$B12,Calls!$O$2:$O$9999,"Quote requested") -> 0
A13: DRINGEND 29.pdf | B13: 1 | C13: 3330462 | D13: Rénovation d'un ancien bâtiment industriel | E13: 1786 Sugiez | F13: Chemin du Chablais 46, 1786 Sugiez | G13: Art. 544 | H13: Permit granted | I13: 45583 | J13: 45735 | K13: 920000 | L13: Industry and trade | N13: Industrial halls – interior conversion Industrial halls – exterior conversion Offices (standard specification) – interior conversion | O13: Rénovation d'un ancien bâtiment industriel, ancienne halle transformé en espace de bureaux. Il s'agit essentiellement de travaux intérieurs de charpente, menuiserie intérieure, gipserie, électricité, chauffage sanitaire, revêtement intérieurs. | P13: 45821 | Q13: Braumann AG | R13: Atelier Pulver Architectes SA | S13: =COUNTIFS(Calls!$A$2:$A$9999,$A13,Calls!$B$2:$B$9999,$B13) -> 2 | T13: =COUNTIFS(Calls!$A$2:$A$9999,$A13,Calls!$B$2:$B$9999,$B13,Calls!$N$2:$N$9999,"Reached*") -> 0 | U13: =COUNTIFS(Calls!$A$2:$A$9999,$A13,Calls!$B$2:$B$9999,$B13,Calls!$O$2:$O$9999,"Interested")+COUNTIFS(Calls!$A$2:$A$9999,$A13,Calls!$B$2:$B$9999,$B13,Calls!$O$2:$O$9999,"Meeting booked")+COUNTIFS(Calls!$A$2:$A$9999,$A13,Calls!$B$2:$B$9999,$B13,Calls!$O$2:$O$9999,"Quote requested") -> 0
A14: DRINGEND 32 .pdf | B14: 1 | C14: 3358808 | D14: Changement d'affectation du logement en théâtre | E14: 1223 Cologny | F14: Chemin de Ruth 16, 1223 Cologny | G14: Parc. 1550 | H14: Permit granted | I14: 45730 | J14: 45845 | K14: 500000 | L14: Culture and leisure | N14: Concert halls and theatres – interior conversion Concert halls and theatres – exterior conversion | O14: Rénovation du toit et des fenêtres, transformation intérieure et changement d'affectation du logement en théâtre | P14: 45846 | Q14: Sébastien Louis, Aline Raymonde et Anne Cécile Gampert | R14: Atelier Balan Semadeni SNC | S14: =COUNTIFS(Calls!$A$2:$A$9999,$A14,Calls!$B$2:$B$9999,$B14) -> 2 | T14: =COUNTIFS(Calls!$A$2:$A$9999,$A14,Calls!$B$2:$B$9999,$B14,Calls!$N$2:$N$9999,"Reached*") -> 0 | U14: =COUNTIFS(Calls!$A$2:$A$9999,$A14,Calls!$B$2:$B$9999,$B14,Calls!$O$2:$O$9999,"Interested")+COUNTIFS(Calls!$A$2:$A$9999,$A14,Calls!$B$2:$B$9999,$B14,Calls!$O$2:$O$9999,"Meeting booked")+COUNTIFS(Calls!$A$2:$A$9999,$A14,Calls!$B$2:$B$9999,$B14,Calls!$O$2:$O$9999,"Quote requested") -> 0
A15: DRINGEND 32.pdf | B15: 1 | C15: 3235065 | D15: Cycle d'orientation du Foron (101317000054) | E15: 1226 Thônex | F15: Chemin du Foron 43, 1226 Thônex | G15: Parc. 6662 | H15: Permit granted | I15: 45127 | J15: 45251 | K15: 12000000 | L15: Education and research | N15: Vocational schools and universities of applied sciences – interior conversion Vocational schools and universities of applied sciences – new build Car parks and underground garages – exterior conversion | O15: Cycle d'orientation du Foron - extension du bâtiment par surélévation et aménagement de 12 classes de cours - façade bois , toit plat en parti végétalisé - modification du stationnement - abattage et/ou élagage d'arbres hors forêt (RCVA) | P15: 45257 | Q15: Etat de Genève-Département des Finances-Office des bâtiments / Etat de Genève, Département du territoire (DT) | S15: =COUNTIFS(Calls!$A$2:$A$9999,$A15,Calls!$B$2:$B$9999,$B15) -> 4 | T15: =COUNTIFS(Calls!$A$2:$A$9999,$A15,Calls!$B$2:$B$9999,$B15,Calls!$N$2:$N$9999,"Reached*") -> 0 | U15: =COUNTIFS(Calls!$A$2:$A$9999,$A15,Calls!$B$2:$B$9999,$B15,Calls!$O$2:$O$9999,"Interested")+COUNTIFS(Calls!$A$2:$A$9999,$A15,Calls!$B$2:$B$9999,$B15,Calls!$O$2:$O$9999,"Meeting booked")+COUNTIFS(Calls!$A$2:$A$9999,$A15,Calls!$B$2:$B$9999,$B15,Calls!$O$2:$O$9999,"Quote requested") -> 0 | V15: Same project as e_DRINGEND 83.pdf (p.2)
A16: DRINGEND 43.pdf | B16: 1 | C16: 3385673 | D16: Aménagement intérieur de bureaux au 10ème étage | E16: 1213 Petit-Lancy | F16: Esplanade de Surville 2, 1213 Petit-Lancy | G16: Parc. 5406 | H16: Permit granted | J16: 45854 | K16: 50000 | L16: Commerce and administration | M16: Not relevant | N16: Offices (high specification) – interior conversion | O16: Aménagement intérieur de bureaux au 10ème étage | P16: 45854 | Q16: NAEF Surville SA | R16: Alios SA | S16: =COUNTIFS(Calls!$A$2:$A$9999,$A16,Calls!$B$2:$B$9999,$B16) -> 2 | T16: =COUNTIFS(Calls!$A$2:$A$9999,$A16,Calls!$B$2:$B$9999,$B16,Calls!$N$2:$N$9999,"Reached*") -> 0 | U16: =COUNTIFS(Calls!$A$2:$A$9999,$A16,Calls!$B$2:$B$9999,$B16,Calls!$O$2:$O$9999,"Interested")+COUNTIFS(Calls!$A$2:$A$9999,$A16,Calls!$B$2:$B$9999,$B16,Calls!$O$2:$O$9999,"Meeting booked")+COUNTIFS(Calls!$A$2:$A$9999,$A16,Calls!$B$2:$B$9999,$B16,Calls!$O$2:$O$9999,"Quote requested") -> 0
A17: DRINGEND 44.pdf | B17: 1 | C17: 3385717 | D17: Construction d'une classe provisoire | E17: 1226 Thônex | F17: Chemin du Foron 43, 1226 Thônex | G17: Parc. 6662 | H17: Permit granted | J17: 45854 | K17: 200000 | L17: Education and research | M17: Not relevant | N17: Primary and secondary schools – extension | O17: Construction d'une classe provisoire (durée 15 mois) dans le cadre de la surélévation du cycle d'orientation du Foron | P17: 45854 | Q17: Etat de Genève - Département des Infrastructures (DI) | R17: Glauco Lombardi Architectes Associés SA | S17: =COUNTIFS(Calls!$A$2:$A$9999,$A17,Calls!$B$2:$B$9999,$B17) -> 2 | T17: =COUNTIFS(Calls!$A$2:$A$9999,$A17,Calls!$B$2:$B$9999,$B17,Calls!$N$2:$N$9999,"Reached*") -> 0 | U17: =COUNTIFS(Calls!$A$2:$A$9999,$A17,Calls!$B$2:$B$9999,$B17,Calls!$O$2:$O$9999,"Interested")+COUNTIFS(Calls!$A$2:$A$9999,$A17,Calls!$B$2:$B$9999,$B17,Calls!$O$2:$O$9999,"Meeting booked")+COUNTIFS(Calls!$A$2:$A$9999,$A17,Calls!$B$2:$B$9999,$B17,Calls!$O$2:$O$9999,"Quote requested") -> 0
A18: DRINGEND 45.pdf | B18: 1 | C18: 3385686 | D18: Aménagement de bureaux au 2ème et 5ème étage | E18: 1227 Carouge GE | F18: Route des Acacias 54, 54bis, 1227 Carouge GE | G18: Parc. 1495, 1496 | H18: Permit granted | J18: 45854 | K18: 120000 | L18: Commerce and administration | M18: Not relevant | N18: Offices (high specification) – interior conversion | O18: Aménagement de bureaux au 2ème et 5ème étage | P18: 45854 | Q18: Hospice général, institution genevoise d'action sociale | R18: BKST Architectes SA | S18: =COUNTIFS(Calls!$A$2:$A$9999,$A18,Calls!$B$2:$B$9999,$B18) -> 2 | T18: =COUNTIFS(Calls!$A$2:$A$9999,$A18,Calls!$B$2:$B$9999,$B18,Calls!$N$2:$N$9999,"Reached*") -> 0 | U18: =COUNTIFS(Calls!$A$2:$A$9999,$A18,Calls!$B$2:$B$9999,$B18,Calls!$O$2:$O$9999,"Interested")+COUNTIFS(Calls!$A$2:$A$9999,$A18,Calls!$B$2:$B$9999,$B18,Calls!$O$2:$O$9999,"Meeting booked")+COUNTIFS(Calls!$A$2:$A$9999,$A18,Calls!$B$2:$B$9999,$B18,Calls!$O$2:$O$9999,"Quote requested") -> 0
A19: DRINGEND 46.pdf | B19: 1 | C19: 3386117 | D19: Aménagement de locaux au rez | E19: 1202 Genève | F19: Chemin des Mines 9, 1202 Genève | G19: Parc. 5425 | H19: Permit granted | J19: 45855 | K19: 80000 | L19: Education and research | M19: Not relevant | N19: Research institutes – interior conversion Research institutes – exterior conversion | O19: Aménagement de locaux au rez - accès plateforme PMR | P19: 45855 | Q19: Hôpitaux Universitaires de Genève (HUG) | S19: =COUNTIFS(Calls!$A$2:$A$9999,$A19,Calls!$B$2:$B$9999,$B19) -> 1 | T19: =COUNTIFS(Calls!$A$2:$A$9999,$A19,Calls!$B$2:$B$9999,$B19,Calls!$N$2:$N$9999,"Reached*") -> 0 | U19: =COUNTIFS(Calls!$A$2:$A$9999,$A19,Calls!$B$2:$B$9999,$B19,Calls!$O$2:$O$9999,"Interested")+COUNTIFS(Calls!$A$2:$A$9999,$A19,Calls!$B$2:$B$9999,$B19,Calls!$O$2:$O$9999,"Meeting booked")+COUNTIFS(Calls!$A$2:$A$9999,$A19,Calls!$B$2:$B$9999,$B19,Calls!$O$2:$O$9999,"Quote requested") -> 0
A20: DRINGEND 47.pdf | B20: 1 | C20: 3385940 | D20: Division et aménagement d'un surface | E20: 1205 Genève | F20: Rue des Bains 35, 1205 Genève | G20: Parc. 3347 | H20: Permit granted | J20: 45855 | K20: 50000 | L20: Commerce and administration | M20: Not relevant | N20: Offices (high specification) – interior conversion | O20: Division d'une surface et aménagement d'un surface au gré du preneur au 7ème étage | P20: 45855 | Q20: PSP Management AG | R20: Giorgio Bello et Aydan Yurdakul | S20: =COUNTIFS(Calls!$A$2:$A$9999,$A20,Calls!$B$2:$B$9999,$B20) -> 2 | T20: =COUNTIFS(Calls!$A$2:$A$9999,$A20,Calls!$B$2:$B$9999,$B20,Calls!$N$2:$N$9999,"Reached*") -> 0 | U20: =COUNTIFS(Calls!$A$2:$A$9999,$A20,Calls!$B$2:$B$9999,$B20,Calls!$O$2:$O$9999,"Interested")+COUNTIFS(Calls!$A$2:$A$9999,$A20,Calls!$B$2:$B$9999,$B20,Calls!$O$2:$O$9999,"Meeting booked")+COUNTIFS(Calls!$A$2:$A$9999,$A20,Calls!$B$2:$B$9999,$B20,Calls!$O$2:$O$9999,"Quote requested") -> 0
A21: DRINGEND 48.pdf | B21: 1 | C21: 3385893 | D21: Aménagement d'une unité de stockage | E21: 1217 Meyrin | F21: Rue Emma-Kammacher 5b, 1217 Meyrin | G21: Parc. 15054 | H21: Permit granted | J21: 45855 | K21: 50000 | L21: Industry and trade | M21: Not relevant | N21: Warehouses – interior conversion Operational and commercial buildings – interior conversion | O21: Aménagement d'une unité de stockage d'échantillons au 1er étage - raccordement sur installation de climatisation existante | P21: 45855 | Q21: Labcorp Central Laboratory Services Sàrl | R21: DSA Daniele Stendardo Architectes Sàrl | S21: =COUNTIFS(Calls!$A$2:$A$9999,$A21,Calls!$B$2:$B$9999,$B21) -> 2 | T21: =COUNTIFS(Calls!$A$2:$A$9999,$A21,Calls!$B$2:$B$9999,$B21,Calls!$N$2:$N$9999,"Reached*") -> 0 | U21: =COUNTIFS(Calls!$A$2:$A$9999,$A21,Calls!$B$2:$B$9999,$B21,Calls!$O$2:$O$9999,"Interested")+COUNTIFS(Calls!$A$2:$A$9999,$A21,Calls!$B$2:$B$9999,$B21,Calls!$O$2:$O$9999,"Meeting booked")+COUNTIFS(Calls!$A$2:$A$9999,$A21,Calls!$B$2:$B$9999,$B21,Calls!$O$2:$O$9999,"Quote requested") -> 0
A22: DRINGEND 49.pdf | B22: 1 | C22: 3386826 | D22: Aménagement de bureaux sur deux étages | E22: 1208 Genève | F22: Chemin de la Petite-Boissière 2, 4, 1208 Genève | G22: Parc. 1751, 1752, 1753, 1754, 1755, 1958, 1960 | H22: Permit granted | J22: 45859 | K22: 200000 | L22: Commerce and administration | M22: Not relevant | N22: Offices (high specification) – interior conversion | O22: Aménagement de bureaux au rez inférieur et rez supérieur | P22: 45859 | Q22: Société fiduciaire d'Expertise et de Revision SA (SFER) | R22: Cerutti Architectes SA | S22: =COUNTIFS(Calls!$A$2:$A$9999,$A22,Calls!$B$2:$B$9999,$B22) -> 2 | T22: =COUNTIFS(Calls!$A$2:$A$9999,$A22,Calls!$B$2:$B$9999,$B22,Calls!$N$2:$N$9999,"Reached*") -> 0 | U22: =COUNTIFS(Calls!$A$2:$A$9999,$A22,Calls!$B$2:$B$9999,$B22,Calls!$O$2:$O$9999,"Interested")+COUNTIFS(Calls!$A$2:$A$9999,$A22,Calls!$B$2:$B$9999,$B22,Calls!$O$2:$O$9999,"Meeting booked")+COUNTIFS(Calls!$A$2:$A$9999,$A22,Calls!$B$2:$B$9999,$B22,Calls!$O$2:$O$9999,"Quote requested") -> 0
A23: DRINGEND 50.pdf | B23: 1 | C23: 3387061 | D23: Aménagement de bureaux au rez-de-chaussée | E23: 1206 Genève | F23: Avenue Louis-Aubert 20, 1206 Genève | G23: Parc. 2890 | H23: Permit granted | J23: 45860 | K23: 70000 | L23: Commerce and administration | M23: Not relevant | N23: Offices (high specification) – interior conversion | O23: Aménagement de bureaux au rez-de-chaussée | P23: 45861 | Q23: Wincasa AG | R23: Gestion Administration Maîtrise et Management SA | S23: =COUNTIFS(Calls!$A$2:$A$9999,$A23,Calls!$B$2:$B$9999,$B23) -> 2 | T23: =COUNTIFS(Calls!$A$2:$A$9999,$A23,Calls!$B$2:$B$9999,$B23,Calls!$N$2:$N$9999,"Reached*") -> 0 | U23: =COUNTIFS(Calls!$A$2:$A$9999,$A23,Calls!$B$2:$B$9999,$B23,Calls!$O$2:$O$9999,"Interested")+COUNTIFS(Calls!$A$2:$A$9999,$A23,Calls!$B$2:$B$9999,$B23,Calls!$O$2:$O$9999,"Meeting booked")+COUNTIFS(Calls!$A$2:$A$9999,$A23,Calls!$B$2:$B$9999,$B23,Calls!$O$2:$O$9999,"Quote requested") -> 0
A24: DRINGEND 51.pdf | B24: 1 | C24: 3387164 | D24: Transformation rénovation de bureaux au 5ème étage | E24: 1207 Genève | F24: Avenue de Frontenex 6, 1207 Genève | G24: Parc. 2232, 2233 | H24: Permit granted | J24: 45861 | K24: 50000 | L24: Commerce and administration | M24: Not relevant | N24: Offices (high specification) – interior conversion | O24: Transformation rénovation de bureaux au 5ème étage - raccordement sur installation de climatisation existante | P24: 45861 | Q24: Argecil SA | R24: Strausak Associés SA | S24: =COUNTIFS(Calls!$A$2:$A$9999,$A24,Calls!$B$2:$B$9999,$B24) -> 2 | T24: =COUNTIFS(Calls!$A$2:$A$9999,$A24,Calls!$B$2:$B$9999,$B24,Calls!$N$2:$N$9999,"Reached*") -> 0 | U24: =COUNTIFS(Calls!$A$2:$A$9999,$A24,Calls!$B$2:$B$9999,$B24,Calls!$O$2:$O$9999,"Interested")+COUNTIFS(Calls!$A$2:$A$9999,$A24,Calls!$B$2:$B$9999,$B24,Calls!$O$2:$O$9999,"Meeting booked")+COUNTIFS(Calls!$A$2:$A$9999,$A24,Calls!$B$2:$B$9999,$B24,Calls!$O$2:$O$9999,"Quote requested") -> 0 | V24: Same project as e_DRINGEND 83.pdf (p.1)
A25: DRINGEND 52.pdf | B25: 1 | C25: 3387169 | D25: Aménagement de surfaces administratives | E25: 1213 Petit-Lancy | F25: Avenue des Morgines 10, 1213 Petit-Lancy | G25: Parc. 4997 | H25: Permit granted | J25: 45861 | K25: 70000 | L25: Commerce and administration | M25: Not relevant | N25: Offices (high specification) – interior conversion Administrative buildings and data centres – interior conversion | O25: Aménagement de surfaces administratives au 1er étage | P25: 45861 | Q25: Figestor SA | R25: Marques | S25: =COUNTIFS(Calls!$A$2:$A$9999,$A25,Calls!$B$2:$B$9999,$B25) -> 2 | T25: =COUNTIFS(Calls!$A$2:$A$9999,$A25,Calls!$B$2:$B$9999,$B25,Calls!$N$2:$N$9999,"Reached*") -> 0 | U25: =COUNTIFS(Calls!$A$2:$A$9999,$A25,Calls!$B$2:$B$9999,$B25,Calls!$O$2:$O$9999,"Interested")+COUNTIFS(Calls!$A$2:$A$9999,$A25,Calls!$B$2:$B$9999,$B25,Calls!$O$2:$O$9999,"Meeting booked")+COUNTIFS(Calls!$A$2:$A$9999,$A25,Calls!$B$2:$B$9999,$B25,Calls!$O$2:$O$9999,"Quote requested") -> 0
A26: DRINGEND 53.pdf | B26: 1 | C26: 3387116 | D26: Rénovation et séparation arcade de bureaux | E26: 1228 Plan-les-Ouates | F26: Chemin de Vers 8, 1228 Plan-les-Ouates | G26: Parc. 5279 | H26: Permit granted | J26: 45860 | K26: 90000 | L26: Commerce and administration | M26: Not relevant | N26: Offices (standard specification) – interior conversion | O26: Rénovation et séparation d'une arcade de bureaux en deux au rez-de-chaussée | P26: 45861 | Q26: Commune de Plan-les-Ouates | R26: Naef Immobilier Genève SA | S26: =COUNTIFS(Calls!$A$2:$A$9999,$A26,Calls!$B$2:$B$9999,$B26) -> 2 | T26: =COUNTIFS(Calls!$A$2:$A$9999,$A26,Calls!$B$2:$B$9999,$B26,Calls!$N$2:$N$9999,"Reached*") -> 0 | U26: =COUNTIFS(Calls!$A$2:$A$9999,$A26,Calls!$B$2:$B$9999,$B26,Calls!$O$2:$O$9999,"Interested")+COUNTIFS(Calls!$A$2:$A$9999,$A26,Calls!$B$2:$B$9999,$B26,Calls!$O$2:$O$9999,"Meeting booked")+COUNTIFS(Calls!$A$2:$A$9999,$A26,Calls!$B$2:$B$9999,$B26,Calls!$O$2:$O$9999,"Quote requested") -> 0
A27: DRINGEND 54.pdf | B27: 1 | C27: 3387455 | D27: Aménagement de locaux pour le parascolaire | E27: 1232 Confignon | F27: Rue Edouard-Vallet 16, 1232 Confignon | G27: Parc. 11756 | H27: Permit granted | J27: 45862 | K27: 70000 | L27: Education and research | M27: Not relevant | N27: Primary and secondary schools – interior conversion | O27: Changement d'affectation - aménagement de locaux pour le parascolaire | P27: 45862 | Q27: Commune de Confignon | R27: MCBD architectes genève SNC | S27: =COUNTIFS(Calls!$A$2:$A$9999,$A27,Calls!$B$2:$B$9999,$B27) -> 2 | T27: =COUNTIFS(Calls!$A$2:$A$9999,$A27,Calls!$B$2:$B$9999,$B27,Calls!$N$2:$N$9999,"Reached*") -> 0 | U27: =COUNTIFS(Calls!$A$2:$A$9999,$A27,Calls!$B$2:$B$9999,$B27,Calls!$O$2:$O$9999,"Interested")+COUNTIFS(Calls!$A$2:$A$9999,$A27,Calls!$B$2:$B$9999,$B27,Calls!$O$2:$O$9999,"Meeting booked")+COUNTIFS(Calls!$A$2:$A$9999,$A27,Calls!$B$2:$B$9999,$B27,Calls!$O$2:$O$9999,"Quote requested") -> 0
A28: DRINGEND 55.pdf | B28: 1 | C28: 3387863 | D28: Aménagement de bureaux au 4ème étage | E28: 1204 Genève | F28: Rue de la Confédération 6, 1204 Genève | G28: Parc. 6971 | H28: Permit granted | J28: 45863 | K28: 70000 | L28: Commerce and administration | M28: Not relevant | N28: Offices (high specification) – interior conversion | O28: Aménagement de bureaux au 4ème étage - Raccordement sur installation de climatisation existante | P28: 45863 | Q28: Koch Supply & Trading Sàrl | R28: TJCA SA | S28: =COUNTIFS(Calls!$A$2:$A$9999,$A28,Calls!$B$2:$B$9999,$B28) -> 2 | T28: =COUNTIFS(Calls!$A$2:$A$9999,$A28,Calls!$B$2:$B$9999,$B28,Calls!$N$2:$N$9999,"Reached*") -> 0 | U28: =COUNTIFS(Calls!$A$2:$A$9999,$A28,Calls!$B$2:$B$9999,$B28,Calls!$O$2:$O$9999,"Interested")+COUNTIFS(Calls!$A$2:$A$9999,$A28,Calls!$B$2:$B$9999,$B28,Calls!$O$2:$O$9999,"Meeting booked")+COUNTIFS(Calls!$A$2:$A$9999,$A28,Calls!$B$2:$B$9999,$B28,Calls!$O$2:$O$9999,"Quote requested") -> 0
A29: DRINGEND 56.pdf | B29: 1 | C29: 3385103 | D29: Transformation de l'appartement de fonction | E29: 2034 Peseux | F29: Rue du Lac 3, 2034 Peseux | G29: Parc. 3395 | H29: Permit application filed | I29: 45849 | K29: 700000 | L29: Education and research | N29: Primary and secondary schools – interior conversion | O29: Transformation de l'appartement de fonction / changement d'affectation | P29: 45852 | Q29: Etat de Neuchâtel - Département de la gestion du territoire | R29: Etat de Neuchâtel - Département de la gestion du territoire | S29: =COUNTIFS(Calls!$A$2:$A$9999,$A29,Calls!$B$2:$B$9999,$B29) -> 1 | T29: =COUNTIFS(Calls!$A$2:$A$9999,$A29,Calls!$B$2:$B$9999,$B29,Calls!$N$2:$N$9999,"Reached*") -> 0 | U29: =COUNTIFS(Calls!$A$2:$A$9999,$A29,Calls!$B$2:$B$9999,$B29,Calls!$O$2:$O$9999,"Interested")+COUNTIFS(Calls!$A$2:$A$9999,$A29,Calls!$B$2:$B$9999,$B29,Calls!$O$2:$O$9999,"Meeting booked")+COUNTIFS(Calls!$A$2:$A$9999,$A29,Calls!$B$2:$B$9999,$B29,Calls!$O$2:$O$9999,"Quote requested") -> 0
A30: DRINGEND 57.pdf | B30: 1 | C30: 3125851 | D30: Intégration d'une salle de sport | E30: 1297 Founex | F30: Chemin de la Ferme 2, 1297 Founex | G30: Parc. 540 | H30: Permit granted | I30: 44575 | J30: 45848 | K30: 120000 | L30: Education and research | M30: Own use | N30: Upper secondary schools – interior conversion | O30: Intégration d'une salle de sport provisoire pour le Collège Internationale de la Chatâigneraie SA. Façades tente structure aluminium extrudé et toile en tissu polyester enduit PVC. Chauffage au gaz. Modification de projet : Changement d'affectation des locaux. Adaptation des installations sanitaires. | P30: 45848 | Q30: Collège International de la Châtaigneraie SA | R30: Sylla Widmann Architectes SA | S30: =COUNTIFS(Calls!$A$2:$A$9999,$A30,Calls!$B$2:$B$9999,$B30) -> 2 | T30: =COUNTIFS(Calls!$A$2:$A$9999,$A30,Calls!$B$2:$B$9999,$B30,Calls!$N$2:$N$9999,"Reached*") -> 0 | U30: =COUNTIFS(Calls!$A$2:$A$9999,$A30,Calls!$B$2:$B$9999,$B30,Calls!$O$2:$O$9999,"Interested")+COUNTIFS(Calls!$A$2:$A$9999,$A30,Calls!$B$2:$B$9999,$B30,Calls!$O$2:$O$9999,"Meeting booked")+COUNTIFS(Calls!$A$2:$A$9999,$A30,Calls!$B$2:$B$9999,$B30,Calls!$O$2:$O$9999,"Quote requested") -> 0
A31: DRINGEND 58.pdf | B31: 1 | C31: 3389757 | D31: Changement de système de chauffage | E31: 1752 Villars-sur-Glâne | F31: Route de Villars 105, 1752 Villars-sur-Glâne | G31: Art. 3197 | H31: Permit application filed | I31: 45877 | K31: 50000 | L31: Industry and trade | M31: Not relevant | N31: Operational and commercial buildings – interior conversion | P31: 45877 | Q31: Enshift AG | S31: =COUNTIFS(Calls!$A$2:$A$9999,$A31,Calls!$B$2:$B$9999,$B31) -> 1 | T31: =COUNTIFS(Calls!$A$2:$A$9999,$A31,Calls!$B$2:$B$9999,$B31,Calls!$N$2:$N$9999,"Reached*") -> 0 | U31: =COUNTIFS(Calls!$A$2:$A$9999,$A31,Calls!$B$2:$B$9999,$B31,Calls!$O$2:$O$9999,"Interested")+COUNTIFS(Calls!$A$2:$A$9999,$A31,Calls!$B$2:$B$9999,$B31,Calls!$O$2:$O$9999,"Meeting booked")+COUNTIFS(Calls!$A$2:$A$9999,$A31,Calls!$B$2:$B$9999,$B31,Calls!$O$2:$O$9999,"Quote requested") -> 0
A32: DRINGEND 58.pdf | B32: 2 | C32: 3389765 | D32: Le système de chauffage au gaz existant | E32: 1752 Villars-sur-Glâne | F32: Route de Villars 110, 1752 Villars-sur-Glâne | G32: Art. 3183 | H32: Permit application filed | I32: 45877 | K32: 50000 | L32: Industry and trade | M32: Not relevant | N32: Operational and commercial buildings – interior conversion | P32: 45877 | Q32: Enshift AG | S32: =COUNTIFS(Calls!$A$2:$A$9999,$A32,Calls!$B$2:$B$9999,$B32) -> 1 | T32: =COUNTIFS(Calls!$A$2:$A$9999,$A32,Calls!$B$2:$B$9999,$B32,Calls!$N$2:$N$9999,"Reached*") -> 0 | U32: =COUNTIFS(Calls!$A$2:$A$9999,$A32,Calls!$B$2:$B$9999,$B32,Calls!$O$2:$O$9999,"Interested")+COUNTIFS(Calls!$A$2:$A$9999,$A32,Calls!$B$2:$B$9999,$B32,Calls!$O$2:$O$9999,"Meeting booked")+COUNTIFS(Calls!$A$2:$A$9999,$A32,Calls!$B$2:$B$9999,$B32,Calls!$O$2:$O$9999,"Quote requested") -> 0
A33: DRINGEND 59.pdf | B33: 1 | C33: 3389908 | D33: Changement d'affectation d'un local | E33: 1617 Remaufens | F33: Chemin du Cornifel 7a, 1617 Remaufens | G33: Art. 143 | H33: Permit application filed | I33: 45877 | K33: 20000 | L33: Industry and trade | N33: Offices (standard specification) – interior conversion | O33: Mise en conformité d'aménagements extérieurs avec des places de parc changement d'affectation d'un local au sous-sol en bureau avec création d'un lavabo | P33: 45881 | R33: Barros Studio Architecture Sàrl | S33: =COUNTIFS(Calls!$A$2:$A$9999,$A33,Calls!$B$2:$B$9999,$B33) -> 1 | T33: =COUNTIFS(Calls!$A$2:$A$9999,$A33,Calls!$B$2:$B$9999,$B33,Calls!$N$2:$N$9999,"Reached*") -> 0 | U33: =COUNTIFS(Calls!$A$2:$A$9999,$A33,Calls!$B$2:$B$9999,$B33,Calls!$O$2:$O$9999,"Interested")+COUNTIFS(Calls!$A$2:$A$9999,$A33,Calls!$B$2:$B$9999,$B33,Calls!$O$2:$O$9999,"Meeting booked")+COUNTIFS(Calls!$A$2:$A$9999,$A33,Calls!$B$2:$B$9999,$B33,Calls!$O$2:$O$9999,"Quote requested") -> 0
A34: DRINGEND 59.pdf | B34: 2 | C34: 3389972 | D34: Rückbau UKW-Sender der Flugsicherung | E34: 1717 St. Ursen | F34: Struss 2c, 1717 St. Ursen | G34: Art. 448, 449 | H34: Permit application filed | I34: 45877 | K34: 160000 | L34: Industry and trade | M34: Not relevant | N34: Operational and commercial buildings – demolition Outdoor areas, playgrounds and parks – interior conversion | P34: 45881 | Q34: Skyguide swiss air navigation services ltd | R34: GeoPlaning Tafers AG | S34: =COUNTIFS(Calls!$A$2:$A$9999,$A34,Calls!$B$2:$B$9999,$B34) -> 2 | T34: =COUNTIFS(Calls!$A$2:$A$9999,$A34,Calls!$B$2:$B$9999,$B34,Calls!$N$2:$N$9999,"Reached*") -> 0 | U34: =COUNTIFS(Calls!$A$2:$A$9999,$A34,Calls!$B$2:$B$9999,$B34,Calls!$O$2:$O$9999,"Interested")+COUNTIFS(Calls!$A$2:$A$9999,$A34,Calls!$B$2:$B$9999,$B34,Calls!$O$2:$O$9999,"Meeting booked")+COUNTIFS(Calls!$A$2:$A$9999,$A34,Calls!$B$2:$B$9999,$B34,Calls!$O$2:$O$9999,"Quote requested") -> 0
A35: DRINGEND 59.pdf | B35: 3 | C35: 3389980 | D35: Neubau Betriebsgebäude für Vertrieb | E35: 3175 Flamatt | F35: Industriestrasse 32, 3175 Flamatt | G35: Art. 735 | H35: Permit application filed | I35: 45877 | K35: 15000000 | L35: Industry and trade | M35: Own use | N35: Warehouses – new build Operational and commercial buildings – new build Offices (high specification) – new build | O35: 2-geschossiger Neubau mit einer Unterkellerung. Massivbau mit einer vorgehängter Metallverkleidung und einem begrünten Flachdach sowie Sufbau einer PV-Anlage. Heizung: Grundwasser und Wärmeverteilung über Deckenstrahler und Radiatoren. Einbau von Neben- und Personalräumen. Einbau Waren-/Personenlift sowie Einbau von Sektio ..> | P35: 45881 | Q35: André Ramseyer AG | R35: ANS Architekten und Planer SIA AG | S35: =COUNTIFS(Calls!$A$2:$A$9999,$A35,Calls!$B$2:$B$9999,$B35) -> 2 | T35: =COUNTIFS(Calls!$A$2:$A$9999,$A35,Calls!$B$2:$B$9999,$B35,Calls!$N$2:$N$9999,"Reached*") -> 0 | U35: =COUNTIFS(Calls!$A$2:$A$9999,$A35,Calls!$B$2:$B$9999,$B35,Calls!$O$2:$O$9999,"Interested")+COUNTIFS(Calls!$A$2:$A$9999,$A35,Calls!$B$2:$B$9999,$B35,Calls!$O$2:$O$9999,"Meeting booked")+COUNTIFS(Calls!$A$2:$A$9999,$A35,Calls!$B$2:$B$9999,$B35,Calls!$O$2:$O$9999,"Quote requested") -> 0
A36: DRINGEND 59.pdf | B36: 4 | C36: 3369115 | D36: Unterhaltsarbeiten im Südturm / Verwaltungsgebäude | E36: 3280 Murten | F36: Schlossgasse 1a, 3280 Murten | G36: Art. 6241 | H36: Permit granted | I36: 45779 | J36: 45881 | K36: 200000 | L36: Commerce and administration | M36: Own use | N36: Administrative buildings and data centres – interior conversion | O36: Unterhaltsarbeiten im Südturm / Verwaltungsgebäude. | P36: 45881 | Q36: Etat de Fribourg | R36: Reolon | S36: =COUNTIFS(Calls!$A$2:$A$9999,$A36,Calls!$B$2:$B$9999,$B36) -> 2 | T36: =COUNTIFS(Calls!$A$2:$A$9999,$A36,Calls!$B$2:$B$9999,$B36,Calls!$N$2:$N$9999,"Reached*") -> 0 | U36: =COUNTIFS(Calls!$A$2:$A$9999,$A36,Calls!$B$2:$B$9999,$B36,Calls!$O$2:$O$9999,"Interested")+COUNTIFS(Calls!$A$2:$A$9999,$A36,Calls!$B$2:$B$9999,$B36,Calls!$O$2:$O$9999,"Meeting booked")+COUNTIFS(Calls!$A$2:$A$9999,$A36,Calls!$B$2:$B$9999,$B36,Calls!$O$2:$O$9999,"Quote requested") -> 0
A37: DRINGEND 61.pdf | B37: 1 | C37: 3424287 | D37: Aménagement d'un bureau | E37: 1204 Genève | F37: Rue du Stand 40, 1204 Genève | G37: Parc. 18 | H37: Permit granted | J37: 46058 | K37: 50000 | L37: Commerce and administration | M37: Not relevant | N37: Offices (high specification) – interior conversion | O37: Aménagement d'un bureau au 3ème étage. | P37: 46058 | Q37: Pilet & Renaud SA | S37: =COUNTIFS(Calls!$A$2:$A$9999,$A37,Calls!$B$2:$B$9999,$B37) -> 1 | T37: =COUNTIFS(Calls!$A$2:$A$9999,$A37,Calls!$B$2:$B$9999,$B37,Calls!$N$2:$N$9999,"Reached*") -> 0 | U37: =COUNTIFS(Calls!$A$2:$A$9999,$A37,Calls!$B$2:$B$9999,$B37,Calls!$O$2:$O$9999,"Interested")+COUNTIFS(Calls!$A$2:$A$9999,$A37,Calls!$B$2:$B$9999,$B37,Calls!$O$2:$O$9999,"Meeting booked")+COUNTIFS(Calls!$A$2:$A$9999,$A37,Calls!$B$2:$B$9999,$B37,Calls!$O$2:$O$9999,"Quote requested") -> 0
A38: DRINGEND 62.pdf | B38: 1 | C38: 3402931 | D38: Transformation de garages en bureaux | E38: 1680 Romont FR | F38: Route de la Condémine 10, 1680 Romont FR | G38: Art. 430 | H38: Permit application filed | I38: 45940 | K38: 10000 | L38: Commerce and administration | N38: Offices (standard specification) – interior conversion | O38: Mise en conformité pour changement d'affectation. Transformation de garages en bureaux. | P38: 45944 | Q38: Ascenseurs Menétrey SA | R38: Index Architectes Sàrl | S38: =COUNTIFS(Calls!$A$2:$A$9999,$A38,Calls!$B$2:$B$9999,$B38) -> 2 | T38: =COUNTIFS(Calls!$A$2:$A$9999,$A38,Calls!$B$2:$B$9999,$B38,Calls!$N$2:$N$9999,"Reached*") -> 0 | U38: =COUNTIFS(Calls!$A$2:$A$9999,$A38,Calls!$B$2:$B$9999,$B38,Calls!$O$2:$O$9999,"Interested")+COUNTIFS(Calls!$A$2:$A$9999,$A38,Calls!$B$2:$B$9999,$B38,Calls!$O$2:$O$9999,"Meeting booked")+COUNTIFS(Calls!$A$2:$A$9999,$A38,Calls!$B$2:$B$9999,$B38,Calls!$O$2:$O$9999,"Quote requested") -> 0 | V38: Same project as DRINGEND 63.pdf (p.1)
A39: DRINGEND 63.pdf | B39: 1 | C39: 3402931 | D39: Transformation de garages en bureaux | E39: 1680 Romont FR | F39: Route de la Condémine 10, 1680 Romont FR | G39: Art. 430 | H39: Permit application filed | I39: 45940 | K39: 10000 | L39: Commerce and administration | N39: Offices (standard specification) – interior conversion | O39: Mise en conformité pour changement d'affectation. Transformation de garages en bureaux. | P39: 45945 | Q39: Ascenseurs Menétrey SA | R39: Index Architectes Sàrl | S39: =COUNTIFS(Calls!$A$2:$A$9999,$A39,Calls!$B$2:$B$9999,$B39) -> 2 | T39: =COUNTIFS(Calls!$A$2:$A$9999,$A39,Calls!$B$2:$B$9999,$B39,Calls!$N$2:$N$9999,"Reached*") -> 0 | U39: =COUNTIFS(Calls!$A$2:$A$9999,$A39,Calls!$B$2:$B$9999,$B39,Calls!$O$2:$O$9999,"Interested")+COUNTIFS(Calls!$A$2:$A$9999,$A39,Calls!$B$2:$B$9999,$B39,Calls!$O$2:$O$9999,"Meeting booked")+COUNTIFS(Calls!$A$2:$A$9999,$A39,Calls!$B$2:$B$9999,$B39,Calls!$O$2:$O$9999,"Quote requested") -> 0 | V39: Same project as DRINGEND 62.pdf (p.1)
A40: DRINGEND 64.pdf | B40: 1 | C40: 3406884 | D40: Agrandissement du bâtiment d'exploitation | E40: 1667 Enney | F40: Route de la Léchyre 8a, 1667 Enney | G40: Art. 198 | H40: Permit application filed | I40: 45961 | K40: 900000 | L40: Agriculture and forestry | N40: Operational and commercial buildings – extension Sheds and huts – interior conversion Stables and agricultural facilities – extension Slurry pits – interior conversion Roads – interior conversion | P40: 45965 | R40: Bard | S40: =COUNTIFS(Calls!$A$2:$A$9999,$A40,Calls!$B$2:$B$9999,$B40) -> 1 | T40: =COUNTIFS(Calls!$A$2:$A$9999,$A40,Calls!$B$2:$B$9999,$B40,Calls!$N$2:$N$9999,"Reached*") -> 0 | U40: =COUNTIFS(Calls!$A$2:$A$9999,$A40,Calls!$B$2:$B$9999,$B40,Calls!$O$2:$O$9999,"Interested")+COUNTIFS(Calls!$A$2:$A$9999,$A40,Calls!$B$2:$B$9999,$B40,Calls!$O$2:$O$9999,"Meeting booked")+COUNTIFS(Calls!$A$2:$A$9999,$A40,Calls!$B$2:$B$9999,$B40,Calls!$O$2:$O$9999,"Quote requested") -> 0
A41: DRINGEND 65.pdf | B41: 1 | C41: 3409664 | D41: Transformation du rez | E41: 1725 Posieux | F41: Route de Grangeneuve 29, 1725 Posieux | G41: Art. 173 | H41: Permit application filed | I41: 45975 | K41: 200000 | L41: Commerce and administration | N41: Offices (standard specification) – interior conversion | O41: Le projet prévoit la transformation du rez-de-chaussée du bâtiment S, incluant un changement d'affectation des locaux. Les espaces actuellement utilisés comme foyers seront réaménagés et destinés à un usage administratif (bureaux). | P41: 45982 | Q41: Institut Agricole de l'Etat de Fribourg | R41: Module SA Architectures | S41: =COUNTIFS(Calls!$A$2:$A$9999,$A41,Calls!$B$2:$B$9999,$B41) -> 2 | T41: =COUNTIFS(Calls!$A$2:$A$9999,$A41,Calls!$B$2:$B$9999,$B41,Calls!$N$2:$N$9999,"Reached*") -> 0 | U41: =COUNTIFS(Calls!$A$2:$A$9999,$A41,Calls!$B$2:$B$9999,$B41,Calls!$O$2:$O$9999,"Interested")+COUNTIFS(Calls!$A$2:$A$9999,$A41,Calls!$B$2:$B$9999,$B41,Calls!$O$2:$O$9999,"Meeting booked")+COUNTIFS(Calls!$A$2:$A$9999,$A41,Calls!$B$2:$B$9999,$B41,Calls!$O$2:$O$9999,"Quote requested") -> 0
A42: DRINGEND 66.pdf | B42: 1 | C42: 3409812 | D42: Construction de 33 box | E42: 1684 Mézières FR | F42: Chemin de la Parqueterie, 1684 Mézières FR | G42: Art. 934 | H42: Permit application filed | I42: 45975 | K42: 800000 | L42: Industry and trade | N42: Warehouses – new build Operational and commercial buildings – new build Offices (standard specification) – new build | O42: Construction de 33 box pour affectation: stockage, halles artisanales et/ou bureaux. | P42: 45981 | Q42: Boxéal SA | R42: od architecture Sàrl | S42: =COUNTIFS(Calls!$A$2:$A$9999,$A42,Calls!$B$2:$B$9999,$B42) -> 2 | T42: =COUNTIFS(Calls!$A$2:$A$9999,$A42,Calls!$B$2:$B$9999,$B42,Calls!$N$2:$N$9999,"Reached*") -> 0 | U42: =COUNTIFS(Calls!$A$2:$A$9999,$A42,Calls!$B$2:$B$9999,$B42,Calls!$O$2:$O$9999,"Interested")+COUNTIFS(Calls!$A$2:$A$9999,$A42,Calls!$B$2:$B$9999,$B42,Calls!$O$2:$O$9999,"Meeting booked")+COUNTIFS(Calls!$A$2:$A$9999,$A42,Calls!$B$2:$B$9999,$B42,Calls!$O$2:$O$9999,"Quote requested") -> 0
A43: DRINGEND 67.pdf | B43: 1 | C43: 3409599 | D43: Transformations intérieures | E43: 1700 Fribourg | F43: Route des Neigles 50, 1700 Fribourg | G43: Art. 8020 | H43: Permit application filed | I43: 45975 | K43: 350000 | L43: Commerce and administration | N43: Offices (standard specification) – exterior conversion Offices (high specification) – interior conversion | O43: Transformations intérieures et implantation de containers pour bureaux. Pas plus d'info | P43: 45978 | Q43: Ville de Fribourg - Direction de l'édilité | S43: =COUNTIFS(Calls!$A$2:$A$9999,$A43,Calls!$B$2:$B$9999,$B43) -> 1 | T43: =COUNTIFS(Calls!$A$2:$A$9999,$A43,Calls!$B$2:$B$9999,$B43,Calls!$N$2:$N$9999,"Reached*") -> 0 | U43: =COUNTIFS(Calls!$A$2:$A$9999,$A43,Calls!$B$2:$B$9999,$B43,Calls!$O$2:$O$9999,"Interested")+COUNTIFS(Calls!$A$2:$A$9999,$A43,Calls!$B$2:$B$9999,$B43,Calls!$O$2:$O$9999,"Meeting booked")+COUNTIFS(Calls!$A$2:$A$9999,$A43,Calls!$B$2:$B$9999,$B43,Calls!$O$2:$O$9999,"Quote requested") -> 0
A44: DRINGEND 68.pdf | B44: 1 | C44: 3416612 | D44: Projet d'aménagement d'un bureau | E44: 1564 Domdidier | F44: Route des Grandseys 1, 1564 Domdidier | G44: Art. 92 | H44: Permit application filed | I44: 46010 | K44: 40000 | L44: Commerce and administration | N44: Offices (standard specification) – interior conversion | O44: Aménagement d'un bureau pour le secrétariat au sous-sol. Sans appel d'offres. | P44: 46010 | Q44: Paroisse Notre-Dame du Belmont | R44: Médard Borgognon et François Currat | S44: =COUNTIFS(Calls!$A$2:$A$9999,$A44,Calls!$B$2:$B$9999,$B44) -> 2 | T44: =COUNTIFS(Calls!$A$2:$A$9999,$A44,Calls!$B$2:$B$9999,$B44,Calls!$N$2:$N$9999,"Reached*") -> 0 | U44: =COUNTIFS(Calls!$A$2:$A$9999,$A44,Calls!$B$2:$B$9999,$B44,Calls!$O$2:$O$9999,"Interested")+COUNTIFS(Calls!$A$2:$A$9999,$A44,Calls!$B$2:$B$9999,$B44,Calls!$O$2:$O$9999,"Meeting booked")+COUNTIFS(Calls!$A$2:$A$9999,$A44,Calls!$B$2:$B$9999,$B44,Calls!$O$2:$O$9999,"Quote requested") -> 0
A45: DRINGEND 69.pdf | B45: 1 | C45: 3415179 | D45: Aménagement de l'accueil et des bureaux | E45: 1700 Fribourg | F45: Boulevard de Pérolles 80, 1700 Fribourg | G45: Art. 7606 | H45: Permit application filed | I45: 46003 | K45: 150000 | L45: Education and research | N45: Universities – interior conversion Offices (standard specification) – interior conversion | O45: Aménagement de l'accueil et des bureaux du services technique au rez-de-chaussée, transformation de la réception et de la direction au deuxième étage. | P45: 46006 | Q45: Etat de Fribourg - DAEC | R45: Maeder Stooss Architekten GmbH | S45: =COUNTIFS(Calls!$A$2:$A$9999,$A45,Calls!$B$2:$B$9999,$B45) -> 2 | T45: =COUNTIFS(Calls!$A$2:$A$9999,$A45,Calls!$B$2:$B$9999,$B45,Calls!$N$2:$N$9999,"Reached*") -> 0 | U45: =COUNTIFS(Calls!$A$2:$A$9999,$A45,Calls!$B$2:$B$9999,$B45,Calls!$O$2:$O$9999,"Interested")+COUNTIFS(Calls!$A$2:$A$9999,$A45,Calls!$B$2:$B$9999,$B45,Calls!$O$2:$O$9999,"Meeting booked")+COUNTIFS(Calls!$A$2:$A$9999,$A45,Calls!$B$2:$B$9999,$B45,Calls!$O$2:$O$9999,"Quote requested") -> 0
A46: DRINGEND 70.pdf | B46: 1 | C46: 3416413 | D46: Construction d'une halle de charpente | E46: 1667 Enney | F46: Rue des Artisans 12, 1667 Enney | G46: Art. 2321 | H46: Permit application filed | I46: 46010 | K46: 800000 | L46: Industry and trade | N46: Warehouses – new build Industrial halls – new build Industrial production buildings – demolition Offices (standard specification) – new build | O46: Démolition de la scierie. Construction d'une halle de charpente avec bureaux et couvert de stockage indépendant, PAC air-eau. | P46: 46014 | Q46: CTMS Immobilier SA | R46: Tinguely Architectes Sàrl | S46: =COUNTIFS(Calls!$A$2:$A$9999,$A46,Calls!$B$2:$B$9999,$B46) -> 2 | T46: =COUNTIFS(Calls!$A$2:$A$9999,$A46,Calls!$B$2:$B$9999,$B46,Calls!$N$2:$N$9999,"Reached*") -> 0 | U46: =COUNTIFS(Calls!$A$2:$A$9999,$A46,Calls!$B$2:$B$9999,$B46,Calls!$O$2:$O$9999,"Interested")+COUNTIFS(Calls!$A$2:$A$9999,$A46,Calls!$B$2:$B$9999,$B46,Calls!$O$2:$O$9999,"Meeting booked")+COUNTIFS(Calls!$A$2:$A$9999,$A46,Calls!$B$2:$B$9999,$B46,Calls!$O$2:$O$9999,"Quote requested") -> 0
A47: DRINGEND 71.pdf | B47: 1 | C47: 3378298 | D47: Aménagement intérieur de locaux de locations | E47: 1700 Fribourg | F47: Route du Jura 49, 1700 Fribourg | G47: Art. 17724 | H47: Permit application filed | I47: 45821 | K47: 50000 | L47: Social care and health | N47: Offices (standard specification) – interior conversion Medical practices – interior conversion | O47: Aménagement intérieur de locaux de locations (cabinet de physiothérapie et activité administrative), (périmètre ISOS 23). Sans appel d'offres. | P47: 45821 | Q47: Cronos Finance SA | R47: BBA Archipole SA | S47: =COUNTIFS(Calls!$A$2:$A$9999,$A47,Calls!$B$2:$B$9999,$B47) -> 2 | T47: =COUNTIFS(Calls!$A$2:$A$9999,$A47,Calls!$B$2:$B$9999,$B47,Calls!$N$2:$N$9999,"Reached*") -> 0 | U47: =COUNTIFS(Calls!$A$2:$A$9999,$A47,Calls!$B$2:$B$9999,$B47,Calls!$O$2:$O$9999,"Interested")+COUNTIFS(Calls!$A$2:$A$9999,$A47,Calls!$B$2:$B$9999,$B47,Calls!$O$2:$O$9999,"Meeting booked")+COUNTIFS(Calls!$A$2:$A$9999,$A47,Calls!$B$2:$B$9999,$B47,Calls!$O$2:$O$9999,"Quote requested") -> 0
A48: DRINGEND 130.pdf | B48: 1 | C48: 3361334 | D48: Réaménagement des bureaux sur quatre étages | E48: 1204 Genève | F48: Rue de l'Arquebuse 1, 1204 Genève | G48: Parc. 4797 | H48: Permit granted | J48: 45743 | K48: 200000 | L48: Commerce and administration | M48: Not relevant | N48: Offices (high specification) – interior conversion | O48: Réaménagement des bureaux Etages concernées: Rez, 1er, 2ème et 3ème | P48: 45744 | Q48: Citibank (Switzerland) AG | R48: Mint Architecture AG | S48: =COUNTIFS(Calls!$A$2:$A$9999,$A48,Calls!$B$2:$B$9999,$B48) -> 2 | T48: =COUNTIFS(Calls!$A$2:$A$9999,$A48,Calls!$B$2:$B$9999,$B48,Calls!$N$2:$N$9999,"Reached*") -> 0 | U48: =COUNTIFS(Calls!$A$2:$A$9999,$A48,Calls!$B$2:$B$9999,$B48,Calls!$O$2:$O$9999,"Interested")+COUNTIFS(Calls!$A$2:$A$9999,$A48,Calls!$B$2:$B$9999,$B48,Calls!$O$2:$O$9999,"Meeting booked")+COUNTIFS(Calls!$A$2:$A$9999,$A48,Calls!$B$2:$B$9999,$B48,Calls!$O$2:$O$9999,"Quote requested") -> 0
A49: DRINGEND 510.pdf | B49: 1 | C49: 3424923 | D49: Aménagement d'une surface administrative | E49: 1228 Plan-les-Ouates | F49: Chemin du Champ-des-Filles 4a, 1228 Plan-les-Ouates | G49: Parc. 10753 | H49: Permit granted | J49: 46059 | K49: 50000 | L49: Commerce and administration | M49: Not relevant | N49: Offices (high specification) – interior conversion Administrative buildings and data centres – interior conversion | O49: Aménagement d'une surface administrative au 4ème étage. | P49: 46059 | Q49: CIEPP Caisse inter-entreprises de prévoyance professionnelle | R49: Crea'Projets SA | S49: =COUNTIFS(Calls!$A$2:$A$9999,$A49,Calls!$B$2:$B$9999,$B49) -> 2 | T49: =COUNTIFS(Calls!$A$2:$A$9999,$A49,Calls!$B$2:$B$9999,$B49,Calls!$N$2:$N$9999,"Reached*") -> 0 | U49: =COUNTIFS(Calls!$A$2:$A$9999,$A49,Calls!$B$2:$B$9999,$B49,Calls!$O$2:$O$9999,"Interested")+COUNTIFS(Calls!$A$2:$A$9999,$A49,Calls!$B$2:$B$9999,$B49,Calls!$O$2:$O$9999,"Meeting booked")+COUNTIFS(Calls!$A$2:$A$9999,$A49,Calls!$B$2:$B$9999,$B49,Calls!$O$2:$O$9999,"Quote requested") -> 0
A50: DRINGEND 511.pdf | B50: 1 | C50: 3421721 | D50: Aménagement de bureaux | E50: 1214 Vernier | F50: Chemin de Blandonnet 8, 1214 Vernier | G50: Parc. 3699 | H50: Permit granted | J50: 46045 | K50: 150000 | L50: Commerce and administration | M50: Not relevant | N50: Offices (high specification) – interior conversion | O50: Aménagement de bureaux au 2ème étage. | P50: 46045 | Q50: Swiss Life SA | R50: Marques | S50: =COUNTIFS(Calls!$A$2:$A$9999,$A50,Calls!$B$2:$B$9999,$B50) -> 2 | T50: =COUNTIFS(Calls!$A$2:$A$9999,$A50,Calls!$B$2:$B$9999,$B50,Calls!$N$2:$N$9999,"Reached*") -> 0 | U50: =COUNTIFS(Calls!$A$2:$A$9999,$A50,Calls!$B$2:$B$9999,$B50,Calls!$O$2:$O$9999,"Interested")+COUNTIFS(Calls!$A$2:$A$9999,$A50,Calls!$B$2:$B$9999,$B50,Calls!$O$2:$O$9999,"Meeting booked")+COUNTIFS(Calls!$A$2:$A$9999,$A50,Calls!$B$2:$B$9999,$B50,Calls!$O$2:$O$9999,"Quote requested") -> 0
A51: DRINGEND 610.pdf | B51: 1 | C51: 3420827 | D51: Transformation de deux bureaux | E51: 1218 Le Grand-Saconnex | F51: Route de Ferney 194b, 1218 Le Grand-Saconnex | G51: Parc. 2240 | H51: Permit granted | J51: 46041 | K51: 80000 | L51: Commerce and administration | M51: Not relevant | N51: Veterinary clinics – interior conversion Offices (standard specification) – interior conversion | O51: Transformation de deux bureaux au 1er étage d'un cabinet vétérinaire. | P51: 46042 | Q51: VetSpecialistes SA | R51: Collectif Architecture Sarl | S51: =COUNTIFS(Calls!$A$2:$A$9999,$A51,Calls!$B$2:$B$9999,$B51) -> 2 | T51: =COUNTIFS(Calls!$A$2:$A$9999,$A51,Calls!$B$2:$B$9999,$B51,Calls!$N$2:$N$9999,"Reached*") -> 0 | U51: =COUNTIFS(Calls!$A$2:$A$9999,$A51,Calls!$B$2:$B$9999,$B51,Calls!$O$2:$O$9999,"Interested")+COUNTIFS(Calls!$A$2:$A$9999,$A51,Calls!$B$2:$B$9999,$B51,Calls!$O$2:$O$9999,"Meeting booked")+COUNTIFS(Calls!$A$2:$A$9999,$A51,Calls!$B$2:$B$9999,$B51,Calls!$O$2:$O$9999,"Quote requested") -> 0
A52: DRINGEND 710.pdf | B52: 1 | C52: 3423883 | D52: Transformation de deux salles de réunion | E52: 1204 Genève | F52: Rue de l'Hôtel-de-Ville 14, 1204 Genève | G52: Parc. 4733 | H52: Permit granted | J52: 46056 | K52: 90000 | L52: Commerce and administration | M52: Not relevant | N52: Town halls and government buildings – interior conversion | O52: Transformation de deux salles de réunion au rez-de-chaussée. | P52: 46056 | Q52: Etat de Genève - Département des Infrastructures (DI) | R52: Ganz Muller Architectes SA | S52: =COUNTIFS(Calls!$A$2:$A$9999,$A52,Calls!$B$2:$B$9999,$B52) -> 2 | T52: =COUNTIFS(Calls!$A$2:$A$9999,$A52,Calls!$B$2:$B$9999,$B52,Calls!$N$2:$N$9999,"Reached*") -> 0 | U52: =COUNTIFS(Calls!$A$2:$A$9999,$A52,Calls!$B$2:$B$9999,$B52,Calls!$O$2:$O$9999,"Interested")+COUNTIFS(Calls!$A$2:$A$9999,$A52,Calls!$B$2:$B$9999,$B52,Calls!$O$2:$O$9999,"Meeting booked")+COUNTIFS(Calls!$A$2:$A$9999,$A52,Calls!$B$2:$B$9999,$B52,Calls!$O$2:$O$9999,"Quote requested") -> 0
A53: DRINGEND 711.pdf | B53: 1 | C53: 3420471 | D53: Aménagement de bureaux sur un étage | E53: 1204 Genève | F53: Place de Hollande 2, 1204 Genève | G53: Parc. 6901, 6981 | H53: Permit granted | J53: 46038 | K53: 170000 | L53: Commerce and administration | M53: Not relevant | N53: Offices (high specification) – interior conversion | O53: Aménagement de bureaux au 6ème étage - raccordement à une installation de climatisation de confort. | P53: 46039 | Q53: Holman Fenwick Willan Switzerland LLP, Londres, Geneva Branch | R53: Beric SA | S53: =COUNTIFS(Calls!$A$2:$A$9999,$A53,Calls!$B$2:$B$9999,$B53) -> 2 | T53: =COUNTIFS(Calls!$A$2:$A$9999,$A53,Calls!$B$2:$B$9999,$B53,Calls!$N$2:$N$9999,"Reached*") -> 0 | U53: =COUNTIFS(Calls!$A$2:$A$9999,$A53,Calls!$B$2:$B$9999,$B53,Calls!$O$2:$O$9999,"Interested")+COUNTIFS(Calls!$A$2:$A$9999,$A53,Calls!$B$2:$B$9999,$B53,Calls!$O$2:$O$9999,"Meeting booked")+COUNTIFS(Calls!$A$2:$A$9999,$A53,Calls!$B$2:$B$9999,$B53,Calls!$O$2:$O$9999,"Quote requested") -> 0
A54: DRINGEND 712 .pdf | B54: 1 | C54: 3426055 | D54: Aménagement de surface commerciale | E54: 1723 Marly | F54: Ancienne-Papeterie 4, 1723 Marly | G54: Art. 2341 | H54: Permit application filed | I54: 46066 | K54: 500000 | L54: Commerce and administration | N54: Banks, post and telecom buildings – interior conversion | O54: Aménagement d'une surface commerciale : agence de la Banque cantonale fribourgeoise. Création d'une zone d'accueil, de vestiaires, d'un local électrique, d'un espace de rangement pour les chaises, d'une cafétéria et d'un auditorium de 49 places. | P54: 46066 | Q54: BCF Sicav en liquidation | S54: =COUNTIFS(Calls!$A$2:$A$9999,$A54,Calls!$B$2:$B$9999,$B54) -> 2 | T54: =COUNTIFS(Calls!$A$2:$A$9999,$A54,Calls!$B$2:$B$9999,$B54,Calls!$N$2:$N$9999,"Reached*") -> 0 | U54: =COUNTIFS(Calls!$A$2:$A$9999,$A54,Calls!$B$2:$B$9999,$B54,Calls!$O$2:$O$9999,"Interested")+COUNTIFS(Calls!$A$2:$A$9999,$A54,Calls!$B$2:$B$9999,$B54,Calls!$O$2:$O$9999,"Meeting booked")+COUNTIFS(Calls!$A$2:$A$9999,$A54,Calls!$B$2:$B$9999,$B54,Calls!$O$2:$O$9999,"Quote requested") -> 0
A55: DRINGEND 713.pdf | B55: 1 | C55: 3425155 | D55: Aménagement de bureaux | E55: 1204 Genève | F55: Rue du Rhône 100, 1204 Genève | G55: Parc. 4069 | H55: Permit granted | J55: 46062 | K55: 90000 | L55: Commerce and administration | M55: Not relevant | N55: Offices (high specification) – interior conversion | O55: Aménagement de bureaux au 8ème étage. | P55: 46062 | Q55: spg partner Geneva sa | R55: FFARCH SA | S55: =COUNTIFS(Calls!$A$2:$A$9999,$A55,Calls!$B$2:$B$9999,$B55) -> 2 | T55: =COUNTIFS(Calls!$A$2:$A$9999,$A55,Calls!$B$2:$B$9999,$B55,Calls!$N$2:$N$9999,"Reached*") -> 0 | U55: =COUNTIFS(Calls!$A$2:$A$9999,$A55,Calls!$B$2:$B$9999,$B55,Calls!$O$2:$O$9999,"Interested")+COUNTIFS(Calls!$A$2:$A$9999,$A55,Calls!$B$2:$B$9999,$B55,Calls!$O$2:$O$9999,"Meeting booked")+COUNTIFS(Calls!$A$2:$A$9999,$A55,Calls!$B$2:$B$9999,$B55,Calls!$O$2:$O$9999,"Quote requested") -> 0
A56: DRINGEND 714.pdf | B56: 1 | C56: 3425216 | D56: Transformations de surfaces administratives | E56: 1204 Genève | F56: Rue du Stand 3, 1204 Genève | G56: Parc. 95 | H56: Permit granted | J56: 46062 | K56: 300000 | L56: Commerce and administration | M56: Not relevant | N56: Offices (high specification) – interior conversion Concert halls and theatres – interior conversion | O56: Transformations de surfaces administratives au 2eme et 3ème étage. | P56: 46062 | Q56: Ville de Genève - Départ. aménagement, constr. et mobilité | S56: =COUNTIFS(Calls!$A$2:$A$9999,$A56,Calls!$B$2:$B$9999,$B56) -> 1 | T56: =COUNTIFS(Calls!$A$2:$A$9999,$A56,Calls!$B$2:$B$9999,$B56,Calls!$N$2:$N$9999,"Reached*") -> 0 | U56: =COUNTIFS(Calls!$A$2:$A$9999,$A56,Calls!$B$2:$B$9999,$B56,Calls!$O$2:$O$9999,"Interested")+COUNTIFS(Calls!$A$2:$A$9999,$A56,Calls!$B$2:$B$9999,$B56,Calls!$O$2:$O$9999,"Meeting booked")+COUNTIFS(Calls!$A$2:$A$9999,$A56,Calls!$B$2:$B$9999,$B56,Calls!$O$2:$O$9999,"Quote requested") -> 0
A57: DRINGEND 715.pdf | B57: 1 | C57: 3425157 | D57: Transformation et rénovation de bureaux | E57: 1217 Meyrin | F57: Rue André-De-Garrini 7, 1217 Meyrin | G57: Parc. 14843 | H57: Permit granted | J57: 46062 | K57: 90000 | L57: Commerce and administration | M57: Not relevant | N57: Offices (high specification) – interior conversion | O57: Transformation et rénovation de bureaux au 1er étage. | P57: 46062 | Q57: Campus Genevois de Haute Horlogerie, Branch of Richemont International SA | R57: de Planta Associés Architectes SA | S57: =COUNTIFS(Calls!$A$2:$A$9999,$A57,Calls!$B$2:$B$9999,$B57) -> 2 | T57: =COUNTIFS(Calls!$A$2:$A$9999,$A57,Calls!$B$2:$B$9999,$B57,Calls!$N$2:$N$9999,"Reached*") -> 0 | U57: =COUNTIFS(Calls!$A$2:$A$9999,$A57,Calls!$B$2:$B$9999,$B57,Calls!$O$2:$O$9999,"Interested")+COUNTIFS(Calls!$A$2:$A$9999,$A57,Calls!$B$2:$B$9999,$B57,Calls!$O$2:$O$9999,"Meeting booked")+COUNTIFS(Calls!$A$2:$A$9999,$A57,Calls!$B$2:$B$9999,$B57,Calls!$O$2:$O$9999,"Quote requested") -> 0
A58: e_DRINGEND1.pdf | B58: 1 | C58: 3420457 | D58: Aménagement d'une surface administrative | E58: 1213 Petit-Lancy | F58: Chemin Louis-Hubert 1, 1213 Petit-Lancy | G58: Parc. 4590 | H58: Permit granted | J58: 46038 | K58: 50000 | L58: Commerce and administration | M58: Not relevant | N58: Offices (high specification) – interior conversion Administrative buildings and data centres – interior conversion | O58: Aménagement d'une surface administrative au 2ème étage. | P58: 46038 | Q58: Anticimex SA | R58: Architech SA | S58: =COUNTIFS(Calls!$A$2:$A$9999,$A58,Calls!$B$2:$B$9999,$B58) -> 2 | T58: =COUNTIFS(Calls!$A$2:$A$9999,$A58,Calls!$B$2:$B$9999,$B58,Calls!$N$2:$N$9999,"Reached*") -> 0 | U58: =COUNTIFS(Calls!$A$2:$A$9999,$A58,Calls!$B$2:$B$9999,$B58,Calls!$O$2:$O$9999,"Interested")+COUNTIFS(Calls!$A$2:$A$9999,$A58,Calls!$B$2:$B$9999,$B58,Calls!$O$2:$O$9999,"Meeting booked")+COUNTIFS(Calls!$A$2:$A$9999,$A58,Calls!$B$2:$B$9999,$B58,Calls!$O$2:$O$9999,"Quote requested") -> 0
A59: e_DRINGEND2.pdf | B59: 1 | C59: 3420052 | D59: Aménagement intérieur de bureaux | E59: 1618 Châtel-St-Denis | F59: Route de Palézieux 121, 1618 Châtel-St-Denis | G59: Art. 7115 | H59: Permit application filed | I59: 46038 | K59: 100000 | L59: Commerce and administration | N59: Offices (standard specification) – interior conversion | O59: Aménagement intérieur de bureaux. | P59: 46041 | R59: Okyo Sàrl | S59: =COUNTIFS(Calls!$A$2:$A$9999,$A59,Calls!$B$2:$B$9999,$B59) -> 1 | T59: =COUNTIFS(Calls!$A$2:$A$9999,$A59,Calls!$B$2:$B$9999,$B59,Calls!$N$2:$N$9999,"Reached*") -> 0 | U59: =COUNTIFS(Calls!$A$2:$A$9999,$A59,Calls!$B$2:$B$9999,$B59,Calls!$O$2:$O$9999,"Interested")+COUNTIFS(Calls!$A$2:$A$9999,$A59,Calls!$B$2:$B$9999,$B59,Calls!$O$2:$O$9999,"Meeting booked")+COUNTIFS(Calls!$A$2:$A$9999,$A59,Calls!$B$2:$B$9999,$B59,Calls!$O$2:$O$9999,"Quote requested") -> 0
A60: e_DRINGEND 1 (2).pdf | B60: 1 | C60: 3293398 | D60: Déconstruction d'un hangar | E60: 2000 Neuchâtel | F60: Quai Jeanrenaud, 2000 Neuchâtel | G60: Parc. 11868 | H60: Permit application filed | I60: 45408 | K60: 500000 | L60: Industry and trade | N60: Warehouses – demolition Warehouses – new build Offices (standard specification) – new build | O60: Déconstruction d'un hangar, pose de 15 containers répartis sur 3 niveaux pour bureaux et entreposage | P60: 46058 | Q60: Transports Publics Neuchâtelois SA (TransN) | R60: Edilplan SA | S60: =COUNTIFS(Calls!$A$2:$A$9999,$A60,Calls!$B$2:$B$9999,$B60) -> 2 | T60: =COUNTIFS(Calls!$A$2:$A$9999,$A60,Calls!$B$2:$B$9999,$B60,Calls!$N$2:$N$9999,"Reached*") -> 0 | U60: =COUNTIFS(Calls!$A$2:$A$9999,$A60,Calls!$B$2:$B$9999,$B60,Calls!$O$2:$O$9999,"Interested")+COUNTIFS(Calls!$A$2:$A$9999,$A60,Calls!$B$2:$B$9999,$B60,Calls!$O$2:$O$9999,"Meeting booked")+COUNTIFS(Calls!$A$2:$A$9999,$A60,Calls!$B$2:$B$9999,$B60,Calls!$O$2:$O$9999,"Quote requested") -> 0
A61: e_DRINGEND 8.pdf | B61: 1 | C61: 3334995 | D61: Aménagement d'une salle de réunion | E61: 1438 Mathod | F61: Rue de la Forge 22, 1438 Mathod | G61: Parc. 80 | H61: Permit granted | I61: 45604 | J61: 46029 | K61: 100000 | L61: Commerce and administration | N61: Town halls and government buildings – interior conversion | O61: Aménagement d'une salle de réunion dans les combles. | P61: 46029 | Q61: Administration communale | R61: Arch-E Sàrl | S61: =COUNTIFS(Calls!$A$2:$A$9999,$A61,Calls!$B$2:$B$9999,$B61) -> 2 | T61: =COUNTIFS(Calls!$A$2:$A$9999,$A61,Calls!$B$2:$B$9999,$B61,Calls!$N$2:$N$9999,"Reached*") -> 0 | U61: =COUNTIFS(Calls!$A$2:$A$9999,$A61,Calls!$B$2:$B$9999,$B61,Calls!$O$2:$O$9999,"Interested")+COUNTIFS(Calls!$A$2:$A$9999,$A61,Calls!$B$2:$B$9999,$B61,Calls!$O$2:$O$9999,"Meeting booked")+COUNTIFS(Calls!$A$2:$A$9999,$A61,Calls!$B$2:$B$9999,$B61,Calls!$O$2:$O$9999,"Quote requested") -> 0
A62: e_DRINGEND 9.pdf | B62: 1 | C62: 3390830 | D62: Construction de locaux provisoires | E62: 3979 Grône | F62: Les Etreys, 3979 Grône | G62: Parc. 1360 | H62: Permit application filed | I62: 45877 | K62: 420000 | L62: Education and research | N62: Vocational schools and universities of applied sciences – new build | O62: Constructions - Bâtiment pour l'enseignement et la recherche. Rez-de-chaussée, étages et couverture: métallique. | P62: 45883 | Q62: Etat du Valais, Service Immobilier et Patrimoine (SIP) | R62: Guyaz Méry Sàrl | S62: =COUNTIFS(Calls!$A$2:$A$9999,$A62,Calls!$B$2:$B$9999,$B62) -> 2 | T62: =COUNTIFS(Calls!$A$2:$A$9999,$A62,Calls!$B$2:$B$9999,$B62,Calls!$N$2:$N$9999,"Reached*") -> 0 | U62: =COUNTIFS(Calls!$A$2:$A$9999,$A62,Calls!$B$2:$B$9999,$B62,Calls!$O$2:$O$9999,"Interested")+COUNTIFS(Calls!$A$2:$A$9999,$A62,Calls!$B$2:$B$9999,$B62,Calls!$O$2:$O$9999,"Meeting booked")+COUNTIFS(Calls!$A$2:$A$9999,$A62,Calls!$B$2:$B$9999,$B62,Calls!$O$2:$O$9999,"Quote requested") -> 0
A63: e_DRINGEND 72.pdf | B63: 1 | C63: 3417830 | D63: Transformation d'une surface administrative | E63: 1203 Genève | F63: Rue de Lyon 97, 1203 Genève | G63: Parc. 4358 | H63: Permit granted | J63: 46030 | K63: 50000 | L63: Commerce and administration | M63: Not relevant | N63: Offices (high specification) – interior conversion Administrative buildings and data centres – interior conversion | O63: Transformation et réaménagement d'une surface administrative au 3ème étage. | P63: 46030 | Q63: Edouard Brun et Cie SA | R63: 2DLC Architectes Partenaires SA | S63: =COUNTIFS(Calls!$A$2:$A$9999,$A63,Calls!$B$2:$B$9999,$B63) -> 2 | T63: =COUNTIFS(Calls!$A$2:$A$9999,$A63,Calls!$B$2:$B$9999,$B63,Calls!$N$2:$N$9999,"Reached*") -> 0 | U63: =COUNTIFS(Calls!$A$2:$A$9999,$A63,Calls!$B$2:$B$9999,$B63,Calls!$O$2:$O$9999,"Interested")+COUNTIFS(Calls!$A$2:$A$9999,$A63,Calls!$B$2:$B$9999,$B63,Calls!$O$2:$O$9999,"Meeting booked")+COUNTIFS(Calls!$A$2:$A$9999,$A63,Calls!$B$2:$B$9999,$B63,Calls!$O$2:$O$9999,"Quote requested") -> 0
A64: e_DRINGEND 73.pdf | B64: 1 | C64: 3413945 | D64: Aménagement intérieur et transformation de bureaux | E64: 1215 Genève | F64: Route de Pré-Bois 17, 1215 Genève | G64: Parc. 12871 | H64: Permit granted | J64: 45996 | K64: 90000 | L64: Commerce and administration | M64: Not relevant | N64: Offices (high specification) – interior conversion | O64: Aménagement intérieur et transformation de bureaux au 5ème étage. | P64: 45996 | Q64: Alpine Fleet | R64: BARNES Commercial Realty SA | S64: =COUNTIFS(Calls!$A$2:$A$9999,$A64,Calls!$B$2:$B$9999,$B64) -> 2 | T64: =COUNTIFS(Calls!$A$2:$A$9999,$A64,Calls!$B$2:$B$9999,$B64,Calls!$N$2:$N$9999,"Reached*") -> 0 | U64: =COUNTIFS(Calls!$A$2:$A$9999,$A64,Calls!$B$2:$B$9999,$B64,Calls!$O$2:$O$9999,"Interested")+COUNTIFS(Calls!$A$2:$A$9999,$A64,Calls!$B$2:$B$9999,$B64,Calls!$O$2:$O$9999,"Meeting booked")+COUNTIFS(Calls!$A$2:$A$9999,$A64,Calls!$B$2:$B$9999,$B64,Calls!$O$2:$O$9999,"Quote requested") -> 0
A65: e_DRINGEND 74.pdf | B65: 1 | C65: 3413014 | D65: Transformation de locaux universitaires | E65: 1206 Genève | F65: Avenue de Champel 9, 1206 Genève | G65: Parc. 4265 | H65: Permit granted | J65: 45992 | K65: 90000 | L65: Education and research | M65: Not relevant | N65: Universities – interior conversion | O65: Transformation au 7ème étage de locaux universitaires. | P65: 45992 | Q65: Université de Genève | S65: =COUNTIFS(Calls!$A$2:$A$9999,$A65,Calls!$B$2:$B$9999,$B65) -> 1 | T65: =COUNTIFS(Calls!$A$2:$A$9999,$A65,Calls!$B$2:$B$9999,$B65,Calls!$N$2:$N$9999,"Reached*") -> 0 | U65: =COUNTIFS(Calls!$A$2:$A$9999,$A65,Calls!$B$2:$B$9999,$B65,Calls!$O$2:$O$9999,"Interested")+COUNTIFS(Calls!$A$2:$A$9999,$A65,Calls!$B$2:$B$9999,$B65,Calls!$O$2:$O$9999,"Meeting booked")+COUNTIFS(Calls!$A$2:$A$9999,$A65,Calls!$B$2:$B$9999,$B65,Calls!$O$2:$O$9999,"Quote requested") -> 0
A66: e_DRINGEND 75.pdf | B66: 1 | C66: 3377805 | D66: Changement d'affectation partielle en bureaux | E66: 1208 Genève | F66: Rue Agasse 43, 1208 Genève | G66: Parc. 1079 | H66: Permit application filed | I66: 45819 | K66: 150000 | L66: Commerce and administration | M66: Not relevant | N66: Offices (high specification) – interior conversion Offices (high specification) – exterior conversion | O66: Changement d'affectation partielle en bureaux, création d'un escalier extérieur d'accès au sous-sol, transformations intérieures | P66: 45825 | Q66: Francesco Corleone | R66: A. Corazzini Atelier d'Architecture | S66: =COUNTIFS(Calls!$A$2:$A$9999,$A66,Calls!$B$2:$B$9999,$B66) -> 2 | T66: =COUNTIFS(Calls!$A$2:$A$9999,$A66,Calls!$B$2:$B$9999,$B66,Calls!$N$2:$N$9999,"Reached*") -> 0 | U66: =COUNTIFS(Calls!$A$2:$A$9999,$A66,Calls!$B$2:$B$9999,$B66,Calls!$O$2:$O$9999,"Interested")+COUNTIFS(Calls!$A$2:$A$9999,$A66,Calls!$B$2:$B$9999,$B66,Calls!$O$2:$O$9999,"Meeting booked")+COUNTIFS(Calls!$A$2:$A$9999,$A66,Calls!$B$2:$B$9999,$B66,Calls!$O$2:$O$9999,"Quote requested") -> 0
A67: e_DRINGEND 76.pdf | B67: 1 | C67: 3379042 | D67: Transformation et rénovation de bureaux | E67: 1217 Meyrin | F67: Chemin de Riantbosson 19, 1217 Meyrin | G67: Parc. 14929 | H67: Permit granted | J67: 45825 | K67: 50000 | L67: Commerce and administration | M67: Not relevant | N67: Offices (high specification) – interior conversion | O67: Transformation et rénovation de bureaux au 4ème étage | P67: 45825 | Q67: Openest Coworking SA | R67: Arnaud Berthier Conseil & Développement | S67: =COUNTIFS(Calls!$A$2:$A$9999,$A67,Calls!$B$2:$B$9999,$B67) -> 2 | T67: =COUNTIFS(Calls!$A$2:$A$9999,$A67,Calls!$B$2:$B$9999,$B67,Calls!$N$2:$N$9999,"Reached*") -> 0 | U67: =COUNTIFS(Calls!$A$2:$A$9999,$A67,Calls!$B$2:$B$9999,$B67,Calls!$O$2:$O$9999,"Interested")+COUNTIFS(Calls!$A$2:$A$9999,$A67,Calls!$B$2:$B$9999,$B67,Calls!$O$2:$O$9999,"Meeting booked")+COUNTIFS(Calls!$A$2:$A$9999,$A67,Calls!$B$2:$B$9999,$B67,Calls!$O$2:$O$9999,"Quote requested") -> 0
A68: e_DRINGEND 77.pdf | B68: 1 | C68: 3379062 | D68: Aménagement d'une salle de pilâtes et de bureaux | E68: 1219 Châtelaine | F68: Avenue de l'Etang, 1219 Châtelaine | G68: Parc. 5996 | H68: Permit granted | J68: 45825 | K68: 120000 | L68: Commerce and administration | M68: Not relevant | N68: Offices (high specification) – interior conversion Fitness centre / gym – interior conversion | O68: Aménagement d'une salle de pilâtes et de bureaux au 2ème étage - raccordement à une installation de climatisation existante | P68: 45825 | Q68: Rosetabor III SA | R68: CCHE Genève SA | S68: =COUNTIFS(Calls!$A$2:$A$9999,$A68,Calls!$B$2:$B$9999,$B68) -> 2 | T68: =COUNTIFS(Calls!$A$2:$A$9999,$A68,Calls!$B$2:$B$9999,$B68,Calls!$N$2:$N$9999,"Reached*") -> 0 | U68: =COUNTIFS(Calls!$A$2:$A$9999,$A68,Calls!$B$2:$B$9999,$B68,Calls!$O$2:$O$9999,"Interested")+COUNTIFS(Calls!$A$2:$A$9999,$A68,Calls!$B$2:$B$9999,$B68,Calls!$O$2:$O$9999,"Meeting booked")+COUNTIFS(Calls!$A$2:$A$9999,$A68,Calls!$B$2:$B$9999,$B68,Calls!$O$2:$O$9999,"Quote requested") -> 0
A69: e_DRINGEND 78.pdf | B69: 1 | C69: 3379361 | D69: Aménagement d'une surface au gré du preneur | E69: 1204 Genève | F69: Rue de la Confédération 6, 1204 Genève | G69: Parc. 6971 | H69: Permit granted | J69: 45826 | K69: 50000 | L69: Commerce and administration | M69: Not relevant | N69: Offices (high specification) – interior conversion | O69: Aménagement d'une surface au gré du preneur au 4ème étage | P69: 45826 | Q69: AMD SWISS INTERIOR DESIGNER Sàrl | R69: TJCA SA | S69: =COUNTIFS(Calls!$A$2:$A$9999,$A69,Calls!$B$2:$B$9999,$B69) -> 2 | T69: =COUNTIFS(Calls!$A$2:$A$9999,$A69,Calls!$B$2:$B$9999,$B69,Calls!$N$2:$N$9999,"Reached*") -> 0 | U69: =COUNTIFS(Calls!$A$2:$A$9999,$A69,Calls!$B$2:$B$9999,$B69,Calls!$O$2:$O$9999,"Interested")+COUNTIFS(Calls!$A$2:$A$9999,$A69,Calls!$B$2:$B$9999,$B69,Calls!$O$2:$O$9999,"Meeting booked")+COUNTIFS(Calls!$A$2:$A$9999,$A69,Calls!$B$2:$B$9999,$B69,Calls!$O$2:$O$9999,"Quote requested") -> 0
A70: e_DRINGEND 79.pdf | B70: 1 | C70: 3379468 | D70: Transformation de bureaux sur deux étages | E70: 1202 Genève | F70: Rue Richard-Wagner 1, 1202 Genève | G70: Parc. 4269 | H70: Permit granted | J70: 45827 | K70: 200000 | L70: Commerce and administration | M70: Not relevant | N70: Offices (high specification) – interior conversion | O70: Transformation de bureaux aux 4ème et 6ème étages | P70: 45827 | Q70: Pensimo Management AG | R70: Ganz Muller Architectes SA | S70: =COUNTIFS(Calls!$A$2:$A$9999,$A70,Calls!$B$2:$B$9999,$B70) -> 2 | T70: =COUNTIFS(Calls!$A$2:$A$9999,$A70,Calls!$B$2:$B$9999,$B70,Calls!$N$2:$N$9999,"Reached*") -> 0 | U70: =COUNTIFS(Calls!$A$2:$A$9999,$A70,Calls!$B$2:$B$9999,$B70,Calls!$O$2:$O$9999,"Interested")+COUNTIFS(Calls!$A$2:$A$9999,$A70,Calls!$B$2:$B$9999,$B70,Calls!$O$2:$O$9999,"Meeting booked")+COUNTIFS(Calls!$A$2:$A$9999,$A70,Calls!$B$2:$B$9999,$B70,Calls!$O$2:$O$9999,"Quote requested") -> 0
A71: e_DRINGEND 80.pdf | B71: 1 | C71: 3379408 | D71: Transformation de bureaux sur deux étages | E71: 1204 Genève | F71: Rue du Rhône 5, 7, 9, 1204 Genève | G71: Parc. 5904, 5905, 590 | H71: Permit granted | J71: 45827 | K71: 200000 | L71: Commerce and administration | M71: Not relevant | N71: Offices (high specification) – interior conversion | O71: Transformation de bureaux au 3ème et 4ème étage | P71: 45827 | Q71: Brevan Howard Investment Products Limited | R71: Olivier Vallat Architectes | S71: =COUNTIFS(Calls!$A$2:$A$9999,$A71,Calls!$B$2:$B$9999,$B71) -> 2 | T71: =COUNTIFS(Calls!$A$2:$A$9999,$A71,Calls!$B$2:$B$9999,$B71,Calls!$N$2:$N$9999,"Reached*") -> 0 | U71: =COUNTIFS(Calls!$A$2:$A$9999,$A71,Calls!$B$2:$B$9999,$B71,Calls!$O$2:$O$9999,"Interested")+COUNTIFS(Calls!$A$2:$A$9999,$A71,Calls!$B$2:$B$9999,$B71,Calls!$O$2:$O$9999,"Meeting booked")+COUNTIFS(Calls!$A$2:$A$9999,$A71,Calls!$B$2:$B$9999,$B71,Calls!$O$2:$O$9999,"Quote requested") -> 0
A72: e_DRINGEND 81.pdf | B72: 1 | C72: 3379479 | D72: Aménagement de bureaux au 3ème étage | E72: 1207 Genève | F72: Rue Ferdinand-Hodler 23, 1207 Genève | G72: Parc. 4066 | H72: Permit granted | J72: 45827 | K72: 70000 | L72: Commerce and administration | M72: Not relevant | N72: Offices (high specification) – interior conversion | O72: Aménagement de bureaux au 3ème étage | P72: 45827 | Q72: RISTER Sàrl | R72: Mario Marques | S72: =COUNTIFS(Calls!$A$2:$A$9999,$A72,Calls!$B$2:$B$9999,$B72) -> 2 | T72: =COUNTIFS(Calls!$A$2:$A$9999,$A72,Calls!$B$2:$B$9999,$B72,Calls!$N$2:$N$9999,"Reached*") -> 0 | U72: =COUNTIFS(Calls!$A$2:$A$9999,$A72,Calls!$B$2:$B$9999,$B72,Calls!$O$2:$O$9999,"Interested")+COUNTIFS(Calls!$A$2:$A$9999,$A72,Calls!$B$2:$B$9999,$B72,Calls!$O$2:$O$9999,"Meeting booked")+COUNTIFS(Calls!$A$2:$A$9999,$A72,Calls!$B$2:$B$9999,$B72,Calls!$O$2:$O$9999,"Quote requested") -> 0
A73: e_DRINGEND 82.pdf | B73: 1 | C73: 3388125 | D73: Aménagement intérieur de bureaux au 2ème étage | E73: 1212 Grand-Lancy | F73: Esplanade de Pont-Rouge 9a, 1212 Grand-Lancy | G73: Parc. 5192 | H73: Permit granted | J73: 45866 | K73: 50000 | L73: Commerce and administration | M73: Not relevant | N73: Offices (high specification) – interior conversion | O73: Aménagement intérieur de bureaux au 2ème étage | P73: 45866 | Q73: Swiss Prime Site Immobilen AG | R73: Crea'Projets SA | S73: =COUNTIFS(Calls!$A$2:$A$9999,$A73,Calls!$B$2:$B$9999,$B73) -> 2 | T73: =COUNTIFS(Calls!$A$2:$A$9999,$A73,Calls!$B$2:$B$9999,$B73,Calls!$N$2:$N$9999,"Reached*") -> 0 | U73: =COUNTIFS(Calls!$A$2:$A$9999,$A73,Calls!$B$2:$B$9999,$B73,Calls!$O$2:$O$9999,"Interested")+COUNTIFS(Calls!$A$2:$A$9999,$A73,Calls!$B$2:$B$9999,$B73,Calls!$O$2:$O$9999,"Meeting booked")+COUNTIFS(Calls!$A$2:$A$9999,$A73,Calls!$B$2:$B$9999,$B73,Calls!$O$2:$O$9999,"Quote requested") -> 0
A74: e_DRINGEND 83.pdf | B74: 1 | C74: 3387164 | D74: Transformation rénovation de bureaux au 5ème étage | E74: 1207 Genève | F74: Avenue de Frontenex 6, 1207 Genève | G74: Parc. 2232, 2233 | H74: Permit application filed | I74: 45861 | K74: 50000 | L74: Commerce and administration | M74: Not relevant | N74: Offices (high specification) – interior conversion | O74: Transformation rénovation de bureaux au 5ème étage - raccordement sur installation de climatisation existante | P74: 45868 | Q74: Argecil SA | R74: Strausak Associés SA | S74: =COUNTIFS(Calls!$A$2:$A$9999,$A74,Calls!$B$2:$B$9999,$B74) -> 2 | T74: =COUNTIFS(Calls!$A$2:$A$9999,$A74,Calls!$B$2:$B$9999,$B74,Calls!$N$2:$N$9999,"Reached*") -> 0 | U74: =COUNTIFS(Calls!$A$2:$A$9999,$A74,Calls!$B$2:$B$9999,$B74,Calls!$O$2:$O$9999,"Interested")+COUNTIFS(Calls!$A$2:$A$9999,$A74,Calls!$B$2:$B$9999,$B74,Calls!$O$2:$O$9999,"Meeting booked")+COUNTIFS(Calls!$A$2:$A$9999,$A74,Calls!$B$2:$B$9999,$B74,Calls!$O$2:$O$9999,"Quote requested") -> 0 | V74: Same project as DRINGEND 51.pdf (p.1)
A75: e_DRINGEND 83.pdf | B75: 2 | C75: 3235065 | D75: Cycle d'orientation du Foron (101317000054) | E75: 1226 Thônex | F75: Chemin du Foron 43, 1226 Thônex | G75: Parc. 6662 | H75: Permit granted | I75: 45127 | J75: 45251 | K75: 12000000 | L75: Education and research | N75: Vocational schools and universities of applied sciences – interior conversion Vocational schools and universities of applied sciences – new build Car parks and underground garages – exterior conversion | O75: Cycle d'orientation du Foron - extension du bâtiment par surélévation et aménagement de 12 classes de cours - façade bois , toit plat en parti végétalisé - modification du stationnement - abattage et/ou élagage d'arbres hors forêt (RCVA) | P75: 45257 | Q75: Etat de Genève-Département des Finances-Office des bâtiments / Etat de Genève, Département du territoire (DT) | S75: =COUNTIFS(Calls!$A$2:$A$9999,$A75,Calls!$B$2:$B$9999,$B75) -> 4 | T75: =COUNTIFS(Calls!$A$2:$A$9999,$A75,Calls!$B$2:$B$9999,$B75,Calls!$N$2:$N$9999,"Reached*") -> 0 | U75: =COUNTIFS(Calls!$A$2:$A$9999,$A75,Calls!$B$2:$B$9999,$B75,Calls!$O$2:$O$9999,"Interested")+COUNTIFS(Calls!$A$2:$A$9999,$A75,Calls!$B$2:$B$9999,$B75,Calls!$O$2:$O$9999,"Meeting booked")+COUNTIFS(Calls!$A$2:$A$9999,$A75,Calls!$B$2:$B$9999,$B75,Calls!$O$2:$O$9999,"Quote requested") -> 0 | V75: Same project as DRINGEND 32.pdf (p.1)
A76: e_DRINGEND 84.pdf | B76: 1 | C76: 3380609 | D76: Aménagement de surfaces administratives | E76: 1202 Genève | F76: Avenue de la Paix 5, 1202 Genève | G76: Parc. 3893 | H76: Permit granted | I76: 45832 | J76: 45868 | K76: 500000 | L76: Commerce and administration | N76: Offices (high specification) – interior conversion | O76: Aménagement de surfaces administratives. Dossier confidentiel, pas d'information | P76: 45869 | Q76: Mission permanente du Brésil auprès de l'ONU | R76: NOVO Architectes Sàrl | S76: =COUNTIFS(Calls!$A$2:$A$9999,$A76,Calls!$B$2:$B$9999,$B76) -> 2 | T76: =COUNTIFS(Calls!$A$2:$A$9999,$A76,Calls!$B$2:$B$9999,$B76,Calls!$N$2:$N$9999,"Reached*") -> 0 | U76: =COUNTIFS(Calls!$A$2:$A$9999,$A76,Calls!$B$2:$B$9999,$B76,Calls!$O$2:$O$9999,"Interested")+COUNTIFS(Calls!$A$2:$A$9999,$A76,Calls!$B$2:$B$9999,$B76,Calls!$O$2:$O$9999,"Meeting booked")+COUNTIFS(Calls!$A$2:$A$9999,$A76,Calls!$B$2:$B$9999,$B76,Calls!$O$2:$O$9999,"Quote requested") -> 0
A77: e_DRINGEND 84.pdf | B77: 2 | C77: 3388748 | D77: Aménagement bureau et salle de conférence | E77: 1213 Petit-Lancy | F77: Esplanade de Surville 2, 1213 Petit-Lancy | G77: Parc. 5406 | H77: Permit granted | J77: 45869 | K77: 150000 | L77: Commerce and administration | M77: Not relevant | N77: Offices (high specification) – interior conversion Administrative buildings and data centres – interior conversion | O77: Aménagement intérieur de bureau et salle de conférence aux 7ème et 8ème étages | P77: 45869 | Q77: NAEF Surville SA | R77: Alios SA | S77: =COUNTIFS(Calls!$A$2:$A$9999,$A77,Calls!$B$2:$B$9999,$B77) -> 2 | T77: =COUNTIFS(Calls!$A$2:$A$9999,$A77,Calls!$B$2:$B$9999,$B77,Calls!$N$2:$N$9999,"Reached*") -> 0 | U77: =COUNTIFS(Calls!$A$2:$A$9999,$A77,Calls!$B$2:$B$9999,$B77,Calls!$O$2:$O$9999,"Interested")+COUNTIFS(Calls!$A$2:$A$9999,$A77,Calls!$B$2:$B$9999,$B77,Calls!$O$2:$O$9999,"Meeting booked")+COUNTIFS(Calls!$A$2:$A$9999,$A77,Calls!$B$2:$B$9999,$B77,Calls!$O$2:$O$9999,"Quote requested") -> 0
A78: e_DRINGEND 84.pdf | B78: 3 | C78: 3388395 | D78: Aménagement d'un local et création d'une mezzanine | E78: 1219 Châtelaine | F78: Chemin J.-Ph.-De-SAUVAGE 37, 1219 Châtelaine | G78: Parc. 1303 | H78: Permit application filed | I78: 45867 | K78: 100000 | L78: Industry and trade | N78: Operational and commercial buildings – interior conversion Workshops and studios – interior conversion | O78: Aménagement d'un local et création d'une mezzanine pour une entreprise dans le domaine de l'audiovisuel | P78: 45869 | Q78: Congress Service Sàrl | R78: PAR Architecture Sàrl | S78: =COUNTIFS(Calls!$A$2:$A$9999,$A78,Calls!$B$2:$B$9999,$B78) -> 2 | T78: =COUNTIFS(Calls!$A$2:$A$9999,$A78,Calls!$B$2:$B$9999,$B78,Calls!$N$2:$N$9999,"Reached*") -> 0 | U78: =COUNTIFS(Calls!$A$2:$A$9999,$A78,Calls!$B$2:$B$9999,$B78,Calls!$O$2:$O$9999,"Interested")+COUNTIFS(Calls!$A$2:$A$9999,$A78,Calls!$B$2:$B$9999,$B78,Calls!$O$2:$O$9999,"Meeting booked")+COUNTIFS(Calls!$A$2:$A$9999,$A78,Calls!$B$2:$B$9999,$B78,Calls!$O$2:$O$9999,"Quote requested") -> 0
A79: e_DRINGEND 85.pdf | B79: 1 | C79: 3423872 | D79: Transformation et réaménagement de bureaux | E79: 1204 Genève | F79: Rue du Rhône 40, 1204 Genève | G79: Parc. 5355, 6450, 6868 | H79: Permit granted | J79: 46056 | K79: 100000 | L79: Commerce and administration | M79: Not relevant | N79: Offices (high specification) – interior conversion | O79: Transformation et réaménagement de bureaux au 4ème étage. | P79: 46056 | Q79: WEBCOR SA | R79: Klip Architectes Sàrl | S79: =COUNTIFS(Calls!$A$2:$A$9999,$A79,Calls!$B$2:$B$9999,$B79) -> 2 | T79: =COUNTIFS(Calls!$A$2:$A$9999,$A79,Calls!$B$2:$B$9999,$B79,Calls!$N$2:$N$9999,"Reached*") -> 0 | U79: =COUNTIFS(Calls!$A$2:$A$9999,$A79,Calls!$B$2:$B$9999,$B79,Calls!$O$2:$O$9999,"Interested")+COUNTIFS(Calls!$A$2:$A$9999,$A79,Calls!$B$2:$B$9999,$B79,Calls!$O$2:$O$9999,"Meeting booked")+COUNTIFS(Calls!$A$2:$A$9999,$A79,Calls!$B$2:$B$9999,$B79,Calls!$O$2:$O$9999,"Quote requested") -> 0
A80: e_DRINGEND 86.pdf | B80: 1 | C80: 3389078 | D80: Transformation et rénovation de salle de classe | E80: 1204 Genève | F80: Rue de la Coulouvrenière 3, 5, 1204 Genève | G80: Parc. 4356 | H80: Permit granted | J80: 45873 | K80: 80000 | L80: Education and research | M80: Not relevant | N80: Vocational schools and universities of applied sciences – interior conversion | O80: Transformation et rénovation de salle de classe et atelier au rez-de-chaussée | P80: 45873 | Q80: Etat de Genève - Département des Infrastructures (DI) | R80: AL-ATWI Architectes | S80: =COUNTIFS(Calls!$A$2:$A$9999,$A80,Calls!$B$2:$B$9999,$B80) -> 2 | T80: =COUNTIFS(Calls!$A$2:$A$9999,$A80,Calls!$B$2:$B$9999,$B80,Calls!$N$2:$N$9999,"Reached*") -> 0 | U80: =COUNTIFS(Calls!$A$2:$A$9999,$A80,Calls!$B$2:$B$9999,$B80,Calls!$O$2:$O$9999,"Interested")+COUNTIFS(Calls!$A$2:$A$9999,$A80,Calls!$B$2:$B$9999,$B80,Calls!$O$2:$O$9999,"Meeting booked")+COUNTIFS(Calls!$A$2:$A$9999,$A80,Calls!$B$2:$B$9999,$B80,Calls!$O$2:$O$9999,"Quote requested") -> 0
A81: e_DRINGEND 86.pdf | B81: 2 | C81: 3389044 | D81: Réaménagement de bureaux sur trois étages | E81: 1206 Genève | F81: Route de Florissant 13, 1206 Genève | G81: Parc. 2361 | H81: Permit granted | J81: 45873 | K81: 200000 | L81: Commerce and administration | M81: Not relevant | N81: Offices (high specification) – interior conversion | O81: Réaménagement de bureaux du 1er au 3ème étage - raccordement sur installation de climatisation existante | P81: 45873 | Q81: Bunge SA | R81: Acau Architecture SA | S81: =COUNTIFS(Calls!$A$2:$A$9999,$A81,Calls!$B$2:$B$9999,$B81) -> 2 | T81: =COUNTIFS(Calls!$A$2:$A$9999,$A81,Calls!$B$2:$B$9999,$B81,Calls!$N$2:$N$9999,"Reached*") -> 0 | U81: =COUNTIFS(Calls!$A$2:$A$9999,$A81,Calls!$B$2:$B$9999,$B81,Calls!$O$2:$O$9999,"Interested")+COUNTIFS(Calls!$A$2:$A$9999,$A81,Calls!$B$2:$B$9999,$B81,Calls!$O$2:$O$9999,"Meeting booked")+COUNTIFS(Calls!$A$2:$A$9999,$A81,Calls!$B$2:$B$9999,$B81,Calls!$O$2:$O$9999,"Quote requested") -> 0
A82: e_DRINGEND 86.pdf | B82: 3 | C82: 3217316 | D82: Rénovation, surélévation et agrandissement de l'école Meyrin Village | E82: 1217 Meyrin | F82: Avenue de Vaudagne 6, 8, 1217 Meyrin | G82: Parc. 10616, 13017 | H82: Permit granted | I82: 45042 | J82: 45831 | K82: 20000000 | L82: Education and research | N82: Primary and secondary schools – interior conversion Primary and secondary schools – extension Primary and secondary schools – exterior conversion Outdoor areas, playgrounds and parks – new build | O82: Surélévation, agrandissement, rénovation énergétique, de l'école de Meyrin village, rajout de 2 niveaux d'étages pour la création de 6 salles de classes. Création d'un pavillon, végétalisation des préaux et des toitures et intégration de panneaux solaires. Installation d'un bâtiment modulaire. Travaux de préau, espace coulo ..> | P82: 45831 | Q82: Commune de Meyrin | R82: Atba SA | S82: =COUNTIFS(Calls!$A$2:$A$9999,$A82,Calls!$B$2:$B$9999,$B82) -> 3 | T82: =COUNTIFS(Calls!$A$2:$A$9999,$A82,Calls!$B$2:$B$9999,$B82,Calls!$N$2:$N$9999,"Reached*") -> 0 | U82: =COUNTIFS(Calls!$A$2:$A$9999,$A82,Calls!$B$2:$B$9999,$B82,Calls!$O$2:$O$9999,"Interested")+COUNTIFS(Calls!$A$2:$A$9999,$A82,Calls!$B$2:$B$9999,$B82,Calls!$O$2:$O$9999,"Meeting booked")+COUNTIFS(Calls!$A$2:$A$9999,$A82,Calls!$B$2:$B$9999,$B82,Calls!$O$2:$O$9999,"Quote requested") -> 0
A83: e_DRINGEND 86.pdf | B83: 4 | C83: 3388991 | D83: Changement d'affectation en locaux Conservatoire | E83: 1232 Confignon | F83: Chemin de Tréchaumont 6, 1232 Confignon | G83: Parc. 10837 | H83: Permit granted | J83: 45873 | K83: 70000 | L83: Education and research | M83: Not relevant | N83: Vocational schools and universities of applied sciences – interior conversion | O83: Changement d'affectation et transformation d'un logement de fonction avec garage en locaux pour le Conservatoire de Musique | P83: 45873 | Q83: Commune de Confignon | R83: MCBD architectes genève SNC | S83: =COUNTIFS(Calls!$A$2:$A$9999,$A83,Calls!$B$2:$B$9999,$B83) -> 2 | T83: =COUNTIFS(Calls!$A$2:$A$9999,$A83,Calls!$B$2:$B$9999,$B83,Calls!$N$2:$N$9999,"Reached*") -> 0 | U83: =COUNTIFS(Calls!$A$2:$A$9999,$A83,Calls!$B$2:$B$9999,$B83,Calls!$O$2:$O$9999,"Interested")+COUNTIFS(Calls!$A$2:$A$9999,$A83,Calls!$B$2:$B$9999,$B83,Calls!$O$2:$O$9999,"Meeting booked")+COUNTIFS(Calls!$A$2:$A$9999,$A83,Calls!$B$2:$B$9999,$B83,Calls!$O$2:$O$9999,"Quote requested") -> 0
A84: e_DRINGEND 87.pdf | B84: 1 | C84: 3389250 | D84: Aménagement intérieur de bureaux | E84: 1204 Genève | F84: Rue de Rive 15 / Rue d'Italie 10, 1204 Genève | G84: Parc. 4076 | H84: Permit granted | J84: 45875 | K84: 50000 | L84: Commerce and administration | M84: Not relevant | N84: Offices (high specification) – interior conversion | O84: Aménagement intérieur de bureaux au 4ème étage | P84: 45875 | Q84: WHITE OAK ASSET MANAGEMENT SA | R84: M Studio SA | S84: =COUNTIFS(Calls!$A$2:$A$9999,$A84,Calls!$B$2:$B$9999,$B84) -> 2 | T84: =COUNTIFS(Calls!$A$2:$A$9999,$A84,Calls!$B$2:$B$9999,$B84,Calls!$N$2:$N$9999,"Reached*") -> 0 | U84: =COUNTIFS(Calls!$A$2:$A$9999,$A84,Calls!$B$2:$B$9999,$B84,Calls!$O$2:$O$9999,"Interested")+COUNTIFS(Calls!$A$2:$A$9999,$A84,Calls!$B$2:$B$9999,$B84,Calls!$O$2:$O$9999,"Meeting booked")+COUNTIFS(Calls!$A$2:$A$9999,$A84,Calls!$B$2:$B$9999,$B84,Calls!$O$2:$O$9999,"Quote requested") -> 0
A85: e_DRINGEND 87.pdf | B85: 2 | C85: 3389227 | D85: Transformation de bureaux au 4ème étage | E85: 1204 Genève | F85: Place de Longemalle 10, 1204 Genève | G85: Parc. 4627, 4628, 6488, 7759 | H85: Permit granted | J85: 45875 | K85: 90000 | L85: Commerce and administration | M85: Not relevant | N85: Offices (high specification) – interior conversion | O85: Transformation de bureaux au 4ème étage | P85: 45875 | Q85: Arab Bank (Switzerland) | R85: Eyre Architecture Sàrl | S85: =COUNTIFS(Calls!$A$2:$A$9999,$A85,Calls!$B$2:$B$9999,$B85) -> 2 | T85: =COUNTIFS(Calls!$A$2:$A$9999,$A85,Calls!$B$2:$B$9999,$B85,Calls!$N$2:$N$9999,"Reached*") -> 0 | U85: =COUNTIFS(Calls!$A$2:$A$9999,$A85,Calls!$B$2:$B$9999,$B85,Calls!$O$2:$O$9999,"Interested")+COUNTIFS(Calls!$A$2:$A$9999,$A85,Calls!$B$2:$B$9999,$B85,Calls!$O$2:$O$9999,"Meeting booked")+COUNTIFS(Calls!$A$2:$A$9999,$A85,Calls!$B$2:$B$9999,$B85,Calls!$O$2:$O$9999,"Quote requested") -> 0
A86: e_DRINGEND 88.pdf | B86: 1 | C86: 3389410 | D86: Transformation et rénovation de bureaux | E86: 1203 Genève | F86: Rue Liotard 62, 1203 Genève | G86: Parc. 4184 | H86: Permit granted | J86: 45876 | K86: 50000 | L86: Commerce and administration | M86: Not relevant | N86: Offices (high specification) – interior conversion | O86: Transformation et rénovation de bureaux au rez-de-chaussée | P86: 45876 | Q86: Pilet & Renaud SA | S86: =COUNTIFS(Calls!$A$2:$A$9999,$A86,Calls!$B$2:$B$9999,$B86) -> 1 | T86: =COUNTIFS(Calls!$A$2:$A$9999,$A86,Calls!$B$2:$B$9999,$B86,Calls!$N$2:$N$9999,"Reached*") -> 0 | U86: =COUNTIFS(Calls!$A$2:$A$9999,$A86,Calls!$B$2:$B$9999,$B86,Calls!$O$2:$O$9999,"Interested")+COUNTIFS(Calls!$A$2:$A$9999,$A86,Calls!$B$2:$B$9999,$B86,Calls!$O$2:$O$9999,"Meeting booked")+COUNTIFS(Calls!$A$2:$A$9999,$A86,Calls!$B$2:$B$9999,$B86,Calls!$O$2:$O$9999,"Quote requested") -> 0
A87: e_DRINGEND 88.pdf | B87: 2 | C87: 3389132 | D87: Transformation de deux surfaces administratives | E87: 1209 Genève | F87: Chemin du Petit-Saconnex 28, 28a, 1209 Genève | G87: Parc. 5021, 5022 | H87: Permit application filed | I87: 45874 | K87: 20000 | L87: Commerce and administration | N87: Housing – interior conversion Offices (high specification) – interior conversion | O87: Transformation de deux surfaces administratives au rez-de-chaussée: changement d'affectation et transformation d'une surface administrative en logement de deux piéces avec une salle de bain, une cuisine, un séjour et une chambre. Durée des travaux 2 mois. | P87: 45876 | Q87: BFL CAPITAL SA | R87: Ganz Muller Architectes SA | S87: =COUNTIFS(Calls!$A$2:$A$9999,$A87,Calls!$B$2:$B$9999,$B87) -> 2 | T87: =COUNTIFS(Calls!$A$2:$A$9999,$A87,Calls!$B$2:$B$9999,$B87,Calls!$N$2:$N$9999,"Reached*") -> 0 | U87: =COUNTIFS(Calls!$A$2:$A$9999,$A87,Calls!$B$2:$B$9999,$B87,Calls!$O$2:$O$9999,"Interested")+COUNTIFS(Calls!$A$2:$A$9999,$A87,Calls!$B$2:$B$9999,$B87,Calls!$O$2:$O$9999,"Meeting booked")+COUNTIFS(Calls!$A$2:$A$9999,$A87,Calls!$B$2:$B$9999,$B87,Calls!$O$2:$O$9999,"Quote requested") -> 0
A88: e_DRINGEND 88.pdf | B88: 3 | C88: 3389210 | D88: Agrandissement d'un hangar agricole/porcherie | E88: 1254 Jussy | F88: Route du Château-du-Crest 40, 1254 Jussy | G88: Parc. 1326 | H88: Permit application filed | I88: 45874 | K88: 400000 | L88: Agriculture and forestry | M88: Own use | N88: Feed stores, greenhouses and silos – new build Stables and agricultural facilities – extension Stables and agricultural facilities – interior conversion Offices (standard specification) – interior conversion | O88: Agrandissement d'un hangar agricole, aménagement d'une porcherie, installation de silos. Le projet concerne la transformation d'une porcherie par une modification d'une partie de son volume et des espaces intérieurs. | P88: 45876 | Q88: Domaine du Château-du-Crest, E. Meyer & Cie SNC | R88: de Giuli & Portier architectes SA | S88: =COUNTIFS(Calls!$A$2:$A$9999,$A88,Calls!$B$2:$B$9999,$B88) -> 2 | T88: =COUNTIFS(Calls!$A$2:$A$9999,$A88,Calls!$B$2:$B$9999,$B88,Calls!$N$2:$N$9999,"Reached*") -> 0 | U88: =COUNTIFS(Calls!$A$2:$A$9999,$A88,Calls!$B$2:$B$9999,$B88,Calls!$O$2:$O$9999,"Interested")+COUNTIFS(Calls!$A$2:$A$9999,$A88,Calls!$B$2:$B$9999,$B88,Calls!$O$2:$O$9999,"Meeting booked")+COUNTIFS(Calls!$A$2:$A$9999,$A88,Calls!$B$2:$B$9999,$B88,Calls!$O$2:$O$9999,"Quote requested") -> 0
A89: e_DRINGEND 89.pdf | B89: 1 | C89: 3389152 | D89: OMPI - Sécurisation de l'entrée du bâtiment NB | E89: 1202 Genève | F89: Chemin des Colombettes 35, 1202 Genève | G89: Parc. 5628 | H89: Permit application filed | I89: 45874 | K89: 40000 | L89: Commerce and administration | N89: Administrative buildings and data centres – exterior conversion Administrative buildings and data centres – interior conversion | O89: OMPI - Sécurisation de l'entrée du bâtiment NB | P89: 45880 | Q89: OMPI Organisation Mondiale de la Propriété Intellectuelle | R89: de Giuli & Portier architectes SA | S89: =COUNTIFS(Calls!$A$2:$A$9999,$A89,Calls!$B$2:$B$9999,$B89) -> 2 | T89: =COUNTIFS(Calls!$A$2:$A$9999,$A89,Calls!$B$2:$B$9999,$B89,Calls!$N$2:$N$9999,"Reached*") -> 0 | U89: =COUNTIFS(Calls!$A$2:$A$9999,$A89,Calls!$B$2:$B$9999,$B89,Calls!$O$2:$O$9999,"Interested")+COUNTIFS(Calls!$A$2:$A$9999,$A89,Calls!$B$2:$B$9999,$B89,Calls!$O$2:$O$9999,"Meeting booked")+COUNTIFS(Calls!$A$2:$A$9999,$A89,Calls!$B$2:$B$9999,$B89,Calls!$O$2:$O$9999,"Quote requested") -> 0
A90: e_DRINGEND 89.pdf | B90: 2 | C90: 3389423 | D90: Sécurisation de l'entrée du bâtiment | E90: 1202 Genève | F90: Chemin des Colombettes 34, 1202 Genève | G90: Parc. 3739 | H90: Permit application filed | I90: 45876 | K90: 50000 | L90: Commerce and administration | N90: Administrative buildings and data centres – exterior conversion Administrative buildings and data centres – interior conversion | O90: Sécurisation de l'entrée du bâtiment AB (centre d'accès) | P90: 45880 | Q90: OMPI Organisation Mondiale de la Propriété Intellectuelle | R90: de Giuli & Portier architectes SA | S90: =COUNTIFS(Calls!$A$2:$A$9999,$A90,Calls!$B$2:$B$9999,$B90) -> 2 | T90: =COUNTIFS(Calls!$A$2:$A$9999,$A90,Calls!$B$2:$B$9999,$B90,Calls!$N$2:$N$9999,"Reached*") -> 0 | U90: =COUNTIFS(Calls!$A$2:$A$9999,$A90,Calls!$B$2:$B$9999,$B90,Calls!$O$2:$O$9999,"Interested")+COUNTIFS(Calls!$A$2:$A$9999,$A90,Calls!$B$2:$B$9999,$B90,Calls!$O$2:$O$9999,"Meeting booked")+COUNTIFS(Calls!$A$2:$A$9999,$A90,Calls!$B$2:$B$9999,$B90,Calls!$O$2:$O$9999,"Quote requested") -> 0
A91: e_DRINGEND 90.pdf | B91: 1 | C91: 3390593 | D91: Séparation d'un bureau et d'un local de stockage | E91: 1204 Genève | F91: Rue Pierre-Fatio 15, 1204 Genève | G91: Parc. 6904 | H91: Permit granted | J91: 45881 | K91: 50000 | L91: Commerce and administration | M91: Not relevant | N91: Warehouses – interior conversion Offices (high specification) – interior conversion | O91: Séparation d'un bureau et d'un local de stockage au 8ème étage | P91: 45881 | Q91: Publicis Live SA | R91: Strata Architecture Sàrl | S91: =COUNTIFS(Calls!$A$2:$A$9999,$A91,Calls!$B$2:$B$9999,$B91) -> 2 | T91: =COUNTIFS(Calls!$A$2:$A$9999,$A91,Calls!$B$2:$B$9999,$B91,Calls!$N$2:$N$9999,"Reached*") -> 0 | U91: =COUNTIFS(Calls!$A$2:$A$9999,$A91,Calls!$B$2:$B$9999,$B91,Calls!$O$2:$O$9999,"Interested")+COUNTIFS(Calls!$A$2:$A$9999,$A91,Calls!$B$2:$B$9999,$B91,Calls!$O$2:$O$9999,"Meeting booked")+COUNTIFS(Calls!$A$2:$A$9999,$A91,Calls!$B$2:$B$9999,$B91,Calls!$O$2:$O$9999,"Quote requested") -> 0
A92: e_DRINGEND 91.pdf | B92: 1 | C92: 3390697 | D92: Transformation d'un bureau au 3ème étage | E92: 1205 Genève | F92: Boulevard D'Yvoy 4, 1205 Genève | G92: Parc. 4035 | H92: Permit granted | J92: 45882 | K92: 50000 | L92: Education and research | M92: Not relevant | N92: Universities – interior conversion Offices (standard specification) – interior conversion | O92: Transformation d'un bureau au 3ème étage | P92: 45882 | Q92: Université de Genève | S92: =COUNTIFS(Calls!$A$2:$A$9999,$A92,Calls!$B$2:$B$9999,$B92) -> 1 | T92: =COUNTIFS(Calls!$A$2:$A$9999,$A92,Calls!$B$2:$B$9999,$B92,Calls!$N$2:$N$9999,"Reached*") -> 0 | U92: =COUNTIFS(Calls!$A$2:$A$9999,$A92,Calls!$B$2:$B$9999,$B92,Calls!$O$2:$O$9999,"Interested")+COUNTIFS(Calls!$A$2:$A$9999,$A92,Calls!$B$2:$B$9999,$B92,Calls!$O$2:$O$9999,"Meeting booked")+COUNTIFS(Calls!$A$2:$A$9999,$A92,Calls!$B$2:$B$9999,$B92,Calls!$O$2:$O$9999,"Quote requested") -> 0
A93: e_DRINGEND 91.pdf | B93: 2 | C93: 3390689 | D93: Reconduction de l'autorisation pavillon scolaire | E93: 1208 Genève | F93: Rue Le-Corbusier 2, 1208 Genève | G93: Parc. 2003 | H93: Permit granted | J93: 45882 | K93: 10000 | L93: Education and research | M93: Not relevant | N93: Primary and secondary schools – extension | O93: Reconduction de l'autorisation de construire pour un pavillon scolaire provisoire (10 ans) | P93: 45882 | Q93: Ville de Genève | R93: dl-a, designlab-architecture sa | S93: =COUNTIFS(Calls!$A$2:$A$9999,$A93,Calls!$B$2:$B$9999,$B93) -> 2 | T93: =COUNTIFS(Calls!$A$2:$A$9999,$A93,Calls!$B$2:$B$9999,$B93,Calls!$N$2:$N$9999,"Reached*") -> 0 | U93: =COUNTIFS(Calls!$A$2:$A$9999,$A93,Calls!$B$2:$B$9999,$B93,Calls!$O$2:$O$9999,"Interested")+COUNTIFS(Calls!$A$2:$A$9999,$A93,Calls!$B$2:$B$9999,$B93,Calls!$O$2:$O$9999,"Meeting booked")+COUNTIFS(Calls!$A$2:$A$9999,$A93,Calls!$B$2:$B$9999,$B93,Calls!$O$2:$O$9999,"Quote requested") -> 0
A94: e_DRINGEND 92.pdf | B94: 1 | C94: 3390878 | D94: Transformation et rénovation de bureaux | E94: 1204 Genève | F94: Place de la Fusterie 14, 1204 Genève | G94: Parc. 5928 | H94: Permit granted | J94: 45883 | K94: 70000 | L94: Commerce and administration | M94: Not relevant | N94: Offices (high specification) – interior conversion | O94: Transformation et rénovation de bureaux au 2ème étage | P94: 45883 | Q94: DFS SA | R94: Gonzalez Palma Architectes | S94: =COUNTIFS(Calls!$A$2:$A$9999,$A94,Calls!$B$2:$B$9999,$B94) -> 2 | T94: =COUNTIFS(Calls!$A$2:$A$9999,$A94,Calls!$B$2:$B$9999,$B94,Calls!$N$2:$N$9999,"Reached*") -> 0 | U94: =COUNTIFS(Calls!$A$2:$A$9999,$A94,Calls!$B$2:$B$9999,$B94,Calls!$O$2:$O$9999,"Interested")+COUNTIFS(Calls!$A$2:$A$9999,$A94,Calls!$B$2:$B$9999,$B94,Calls!$O$2:$O$9999,"Meeting booked")+COUNTIFS(Calls!$A$2:$A$9999,$A94,Calls!$B$2:$B$9999,$B94,Calls!$O$2:$O$9999,"Quote requested") -> 0
A95: e_DRINGEND 92.pdf | B95: 2 | C95: 3391037 | D95: Aménagements de bureaux au 13ème étage | E95: 1212 Grand-Lancy | F95: Esplanade de Pont-Rouge 9a, 1212 Grand-Lancy | G95: Parc. 5192 | H95: Permit granted | J95: 45883 | K95: 70000 | L95: Commerce and administration | M95: Not relevant | N95: Offices (high specification) – interior conversion | O95: Aménagements de bureaux au 13ème étage | P95: 45883 | Q95: HIKMA PHARMACEUTICALS INTERNATIONAL LIMITED | R95: Crea'Projets SA | S95: =COUNTIFS(Calls!$A$2:$A$9999,$A95,Calls!$B$2:$B$9999,$B95) -> 2 | T95: =COUNTIFS(Calls!$A$2:$A$9999,$A95,Calls!$B$2:$B$9999,$B95,Calls!$N$2:$N$9999,"Reached*") -> 0 | U95: =COUNTIFS(Calls!$A$2:$A$9999,$A95,Calls!$B$2:$B$9999,$B95,Calls!$O$2:$O$9999,"Interested")+COUNTIFS(Calls!$A$2:$A$9999,$A95,Calls!$B$2:$B$9999,$B95,Calls!$O$2:$O$9999,"Meeting booked")+COUNTIFS(Calls!$A$2:$A$9999,$A95,Calls!$B$2:$B$9999,$B95,Calls!$O$2:$O$9999,"Quote requested") -> 0
A96: e_DRINGEND 92.pdf | B96: 3 | C96: 3390993 | D96: Aménagement d'un bureau d'accueil | E96: 1218 Le Grand-Saconnex | F96: Route des Morillons 11, 1218 Le Grand-Saconnex | G96: Parc. 1957 | H96: Permit granted | J96: 45883 | K96: 200000 | L96: Education and research | M96: Not relevant | N96: Primary and secondary schools – interior conversion Primary and secondary schools – exterior conversion Offices (standard specification) – interior conversion | O96: Aménagement d'un bureau d'accueil au RDC et transformation de 4 salles de classe en laboratoires et agrandissement d'un bureau au 5ème étage - installation d'un monobloc de ventilation en toiture | P96: 45883 | Q96: Fondation de l'Ecole internationale de Genève | R96: Block B architectes Sarl | S96: =COUNTIFS(Calls!$A$2:$A$9999,$A96,Calls!$B$2:$B$9999,$B96) -> 2 | T96: =COUNTIFS(Calls!$A$2:$A$9999,$A96,Calls!$B$2:$B$9999,$B96,Calls!$N$2:$N$9999,"Reached*") -> 0 | U96: =COUNTIFS(Calls!$A$2:$A$9999,$A96,Calls!$B$2:$B$9999,$B96,Calls!$O$2:$O$9999,"Interested")+COUNTIFS(Calls!$A$2:$A$9999,$A96,Calls!$B$2:$B$9999,$B96,Calls!$O$2:$O$9999,"Meeting booked")+COUNTIFS(Calls!$A$2:$A$9999,$A96,Calls!$B$2:$B$9999,$B96,Calls!$O$2:$O$9999,"Quote requested") -> 0
A97: e_DRINGEND 93.pdf | B97: 1 | C97: 3392746 | D97: Aménagements de bureaux au 4ème étage | E97: 1214 Vernier | F97: Chemin des Coquelicots 16, 1214 Vernier | G97: Parc. 3284 | H97: Permit granted | J97: 45891 | K97: 70000 | L97: Commerce and administration | M97: Not relevant | N97: Offices (high specification) – interior conversion | O97: Aménagements de bureaux au 4ème étage | P97: 45891 | Q97: Rosset & Cie | R97: P.C.F.S. DEVELOPPEMENT Sàrl | S97: =COUNTIFS(Calls!$A$2:$A$9999,$A97,Calls!$B$2:$B$9999,$B97) -> 2 | T97: =COUNTIFS(Calls!$A$2:$A$9999,$A97,Calls!$B$2:$B$9999,$B97,Calls!$N$2:$N$9999,"Reached*") -> 0 | U97: =COUNTIFS(Calls!$A$2:$A$9999,$A97,Calls!$B$2:$B$9999,$B97,Calls!$O$2:$O$9999,"Interested")+COUNTIFS(Calls!$A$2:$A$9999,$A97,Calls!$B$2:$B$9999,$B97,Calls!$O$2:$O$9999,"Meeting booked")+COUNTIFS(Calls!$A$2:$A$9999,$A97,Calls!$B$2:$B$9999,$B97,Calls!$O$2:$O$9999,"Quote requested") -> 0
A98: e_DRINGEND 94.pdf | B98: 1 | C98: 3393709 | D98: Aménagements de laboratoires et bureaux | E98: 1205 Genève | F98: Boulevard D'Yvoy 4, 1205 Genève | G98: Parc. 4035 | H98: Permit granted | J98: 45897 | K98: 200000 | L98: Education and research | M98: Not relevant | N98: Universities – interior conversion Offices (high specification) – interior conversion | O98: Aménagements de laboratoires, bureaux et salle de réunion au rez-de-chaussée | P98: 45897 | Q98: Université de Genève | S98: =COUNTIFS(Calls!$A$2:$A$9999,$A98,Calls!$B$2:$B$9999,$B98) -> 1 | T98: =COUNTIFS(Calls!$A$2:$A$9999,$A98,Calls!$B$2:$B$9999,$B98,Calls!$N$2:$N$9999,"Reached*") -> 0 | U98: =COUNTIFS(Calls!$A$2:$A$9999,$A98,Calls!$B$2:$B$9999,$B98,Calls!$O$2:$O$9999,"Interested")+COUNTIFS(Calls!$A$2:$A$9999,$A98,Calls!$B$2:$B$9999,$B98,Calls!$O$2:$O$9999,"Meeting booked")+COUNTIFS(Calls!$A$2:$A$9999,$A98,Calls!$B$2:$B$9999,$B98,Calls!$O$2:$O$9999,"Quote requested") -> 0
A99: e_DRINGEND 95.pdf | B99: 1 | C99: 3394572 | D99: Aménagements d'une surface administrative | E99: 1212 Grand-Lancy | F99: Esplanade de Pont-Rouge 9a, 1212 Grand-Lancy | G99: Parc. 5192 | H99: Permit granted | J99: 45897 | K99: 70000 | L99: Commerce and administration | M99: Not relevant | N99: Offices (high specification) – interior conversion Administrative buildings and data centres – interior conversion | O99: Aménagements d'une surface administrative au 3ème étage | P99: 45899 | Q99: Talan SA | R99: Crea'Projets SA | S99: =COUNTIFS(Calls!$A$2:$A$9999,$A99,Calls!$B$2:$B$9999,$B99) -> 2 | T99: =COUNTIFS(Calls!$A$2:$A$9999,$A99,Calls!$B$2:$B$9999,$B99,Calls!$N$2:$N$9999,"Reached*") -> 0 | U99: =COUNTIFS(Calls!$A$2:$A$9999,$A99,Calls!$B$2:$B$9999,$B99,Calls!$O$2:$O$9999,"Interested")+COUNTIFS(Calls!$A$2:$A$9999,$A99,Calls!$B$2:$B$9999,$B99,Calls!$O$2:$O$9999,"Meeting booked")+COUNTIFS(Calls!$A$2:$A$9999,$A99,Calls!$B$2:$B$9999,$B99,Calls!$O$2:$O$9999,"Quote requested") -> 0
A100: e_DRINGEND 96.pdf | B100: 1 | C100: 3423962 | D100: Rénovation intérieure d'un bâtiment administratif | E100: 1218 Le Grand-Saconnex | F100: L'Ancienne-Route 17a, 17b, 1218 Le Grand-Saconnex | G100: Parc. 903 | H100: Permit granted | J100: 46056 | K100: 500000 | L100: Commerce and administration | M100: Not relevant | N100: Administrative buildings and data centres – interior conversion | O100: Rénovation intérieure d'un bâtiment administratif au s.-sol, rez-de-chaussée, 1er et 2ème étages. | P100: 46056 | Q100: UER - Union Européenne de Radio-Télévision | R100: Studio Banana SA | S100: =COUNTIFS(Calls!$A$2:$A$9999,$A100,Calls!$B$2:$B$9999,$B100) -> 2 | T100: =COUNTIFS(Calls!$A$2:$A$9999,$A100,Calls!$B$2:$B$9999,$B100,Calls!$N$2:$N$9999,"Reached*") -> 0 | U100: =COUNTIFS(Calls!$A$2:$A$9999,$A100,Calls!$B$2:$B$9999,$B100,Calls!$O$2:$O$9999,"Interested")+COUNTIFS(Calls!$A$2:$A$9999,$A100,Calls!$B$2:$B$9999,$B100,Calls!$O$2:$O$9999,"Meeting booked")+COUNTIFS(Calls!$A$2:$A$9999,$A100,Calls!$B$2:$B$9999,$B100,Calls!$O$2:$O$9999,"Quote requested") -> 0
...

Sheet Lists
A1: Call result | C1: Status | E1: Next action | H1: Priority settings
A2: Reached – right person | C2: To call | E2: Call back | H2: Priority A threshold (CHF ≥) | I2: 300000
A3: Reached – gatekeeper / switchboard | C3: Call back | E3: Qualify through owner | H3: Priority B threshold (CHF ≥) | I3: 100000
A4: Reached – contact unavailable | C4: Follow-up by email | E4: Send email | H4: Below the B threshold → priority C
A5: Reached reception – email requested | C5: Interested | E5: Send brochure
A6: Reached – project completed / no current opportunity | C6: Meeting booked | E6: Send quote | H6: Suggested default thresholds (adjust as needed), based on the works value stated on the Infopro card. Editing the yellow cells recalculates the "Priority" column on the Calls sheet.
A7: Voicemail (message left) | C7: Quote requested | E7: Meeting / site visit
A8: Voicemail (no message) | C8: Not interested | E8: Follow-up email
A9: Voicemail / no answer | C9: Already has a supplier | E9: None (closed)
A10: No answer | C10: Not a fit
A11: Not reachable | C11: Project completed / cancelled
A12: Busy | C12: Closed – no current need
A13: Wrong / invalid number
